RPM,Vibration,Pressure,Machine_Mode,Temperature,Defective
1256,0.4,38.89,Eco,61.34,0
1926,0.502,38.13,Eco,70.99,0
1714,0.508,46.14,Eco,70.46,0
1219,0.404,36.29,High-Speed,69.5,0
1156,0.374,24.69,High-Speed,59.39,0
2528,0.294,31.9,Eco,73.97,0
922,0.259,28.7,Eco,51.18,0
1695,0.327,40.54,Eco,60.54,0
2869,0.296,40.89,High-Speed,91.34,1
908,0.388,35.19,High-Speed,64.52,0
1614,0.29,54.82,High-Speed,81.35,1
2518,0.244,46.58,Eco,73.84,0
2639,0.371,24.32,High-Speed,82.6,1
1939,0.37,45.91,Eco,72.21,0
1453,0.338,37.59,High-Speed,68.85,0
2531,0.278,36.31,Standard,82.61,0
1938,0.384,25.9,Eco,65.0,0
1681,0.311,34.58,Standard,68.66,0
1218,0.453,47.45,Eco,61.06,0
2356,0.319,42.65,Eco,78.3,0
2270,0.302,38.51,Standard,73.68,0
1883,0.23,46.5,Eco,71.66,0
2681,0.343,48.03,High-Speed,97.09,1
1311,0.285,42.89,Standard,68.56,0
1122,0.346,52.52,High-Speed,66.63,0
2000,0.432,40.7,High-Speed,84.18,1
2281,0.359,24.1,High-Speed,80.17,0
1587,0.386,51.82,High-Speed,80.63,1
1084,0.269,35.99,Eco,55.13,0
1733,0.383,35.76,Standard,71.41,0
1126,0.36,47.75,Eco,57.88,0
1213,0.317,36.86,Standard,56.47,0
1938,0.38,42.09,Standard,75.42,0
2294,0.327,28.68,Eco,67.8,0
2316,0.316,33.58,Standard,75.59,0
1658,0.39,55.09,High-Speed,85.18,1
1893,0.376,39.4,High-Speed,75.8,0
1092,0.347,40.48,High-Speed,76.64,0
1500,0.331,42.41,High-Speed,75.63,0
1802,0.233,49.14,Eco,69.77,0
2693,0.429,32.72,Standard,88.42,0
1905,0.21,44.69,High-Speed,86.27,0
1699,0.251,35.47,High-Speed,74.25,0
2128,0.3,27.59,Eco,65.66,0
1738,0.244,43.79,Eco,61.93,0
2092,0.505,33.73,Standard,76.53,0
1896,0.431,30.15,Eco,66.96,0
1664,0.481,27.14,High-Speed,76.39,0
2088,0.376,46.25,Eco,70.51,0
2844,0.218,44.18,Standard,86.67,0
2679,0.375,42.77,Eco,79.63,0
1884,0.373,42.34,Eco,67.38,0
1810,0.537,43.79,High-Speed,82.52,1
1876,0.416,32.2,High-Speed,81.78,0
2554,0.466,33.43,High-Speed,94.22,1
2435,0.391,46.58,Standard,90.62,0
1698,0.325,33.97,Eco,59.51,0
2887,0.268,39.38,Standard,86.78,0
1172,0.378,46.62,Eco,60.72,0
1249,0.495,37.88,Eco,69.42,0
1455,0.413,33.14,High-Speed,70.19,0
2529,0.398,38.21,High-Speed,93.31,1
1060,0.397,39.42,Standard,59.05,0
2363,0.199,36.43,High-Speed,85.56,0
2717,0.371,30.03,High-Speed,90.56,1
1829,0.389,32.93,High-Speed,78.79,0
847,0.356,30.86,High-Speed,63.02,0
1269,0.406,48.66,High-Speed,79.81,0
2999,0.212,32.5,Standard,84.83,0
2193,0.401,44.12,Eco,87.13,0
2002,0.407,49.08,Standard,82.7,0
1447,0.415,37.48,Standard,69.35,0
813,0.273,38.11,High-Speed,60.81,0
1878,0.358,58.52,High-Speed,82.93,1
1531,0.419,27.1,High-Speed,70.86,0
1235,0.459,40.51,High-Speed,70.97,0
2022,0.278,45.44,High-Speed,81.26,1
2879,0.372,40.36,High-Speed,94.67,1
1614,0.564,45.07,Eco,65.26,0
2331,0.369,34.71,Eco,75.63,0
2972,0.271,39.08,Eco,83.5,0
2127,0.437,30.4,Standard,73.99,0
879,0.303,34.77,Eco,54.96,0
2286,0.39,29.91,Standard,78.76,0
1780,0.562,48.26,Eco,70.5,0
1786,0.302,50.14,High-Speed,80.27,1
1122,0.394,46.2,Eco,57.38,0
2790,0.344,15.0,Eco,68.38,0
2981,0.325,30.02,Eco,84.75,0
1325,0.207,36.48,High-Speed,68.03,0
2746,0.494,28.51,High-Speed,96.43,1
1476,0.351,32.15,Standard,65.16,0
2961,0.37,35.2,High-Speed,95.95,1
2533,0.311,40.91,Eco,79.12,0
1623,0.509,30.1,High-Speed,83.51,0
2076,0.155,38.79,Standard,72.3,0
2329,0.378,35.02,Standard,77.77,0
2919,0.301,35.29,Standard,87.97,0
1295,0.386,34.46,Eco,60.56,0
1720,0.381,46.5,Eco,70.81,0
2184,0.267,35.52,Eco,70.88,0
1742,0.411,39.83,High-Speed,80.69,0
1702,0.478,35.27,Eco,68.23,0
1090,0.33,38.26,High-Speed,71.2,0
1041,0.433,46.51,Eco,63.96,0
1076,0.352,45.46,Eco,57.19,0
2153,0.382,38.96,Eco,72.72,0
2905,0.41,33.45,Eco,88.48,0
1940,0.249,30.29,High-Speed,78.92,0
2788,0.429,44.99,Eco,87.43,0
1341,0.349,32.82,High-Speed,70.2,0
2736,0.282,47.8,Eco,81.77,0
2737,0.267,37.43,Standard,83.94,0
1579,0.294,33.42,Eco,60.13,0
1197,0.374,35.94,High-Speed,68.27,0
2565,0.373,28.42,Standard,74.95,0
2534,0.278,38.29,Standard,81.21,0
2712,0.498,46.86,High-Speed,99.39,1
1021,0.348,31.98,High-Speed,64.75,0
1203,0.321,42.58,Eco,55.62,0
2449,0.402,52.26,High-Speed,95.36,1
2189,0.39,45.52,Eco,74.59,0
1818,0.372,40.1,Eco,67.9,0
1579,0.273,40.2,High-Speed,76.08,0
2637,0.495,47.67,Eco,92.46,0
2528,0.273,46.98,Eco,79.09,0
1940,0.569,33.53,Standard,74.22,0
1823,0.29,23.01,Eco,57.22,0
2615,0.274,41.2,High-Speed,91.58,1
1201,0.538,47.6,Eco,63.77,0
860,0.26,43.94,Eco,48.02,0
1768,0.533,49.44,Eco,73.21,0
2464,0.179,50.83,Standard,81.42,0
2771,0.474,27.24,Eco,77.51,0
2442,0.351,40.38,Eco,75.21,0
1474,0.412,31.46,Standard,64.57,0
808,0.362,44.12,Standard,60.95,0
1886,0.238,27.73,Standard,69.17,0
1968,0.383,34.01,Standard,77.35,0
2793,0.362,49.43,Eco,85.92,0
1577,0.556,54.04,Standard,78.42,0
1691,0.447,45.16,Eco,73.71,0
1049,0.254,45.49,High-Speed,71.46,0
2084,0.174,30.53,Eco,56.7,0
1005,0.323,45.74,High-Speed,73.95,0
2752,0.357,53.03,High-Speed,95.28,1
2975,0.18,39.56,Eco,81.1,0
1032,0.347,23.46,High-Speed,61.27,0
1128,0.22,45.36,Eco,56.66,0
1080,0.256,35.89,High-Speed,61.78,0
1078,0.344,47.64,High-Speed,68.87,0
1763,0.4,35.76,Standard,68.37,0
1291,0.339,31.72,High-Speed,66.87,0
1808,0.23,55.72,High-Speed,83.26,1
962,0.28,41.71,High-Speed,65.78,0
1135,0.328,44.91,Standard,65.46,0
2941,0.297,35.39,Standard,84.87,0
1868,0.12,27.88,Eco,61.27,0
2086,0.514,38.01,Eco,76.07,0
1887,0.381,64.63,Standard,87.04,0
1336,0.337,32.36,High-Speed,64.59,0
2028,0.37,33.95,Standard,68.98,0
2095,0.285,31.35,Eco,71.15,0
838,0.438,39.94,Standard,63.94,0
1209,0.358,33.11,Eco,59.9,0
1673,0.404,31.7,High-Speed,75.3,0
1886,0.262,28.94,Eco,64.19,0
2229,0.541,28.81,Eco,75.17,0
1800,0.285,36.1,Standard,66.79,0
1967,0.264,40.39,Eco,64.77,0
2594,0.377,39.6,High-Speed,91.46,1
2039,0.259,35.39,High-Speed,81.48,0
2966,0.4,32.18,Eco,82.66,0
2026,0.425,26.64,High-Speed,81.3,0
1224,0.284,44.56,Eco,55.99,0
1883,0.17,26.98,Eco,58.43,0
1238,0.376,32.77,High-Speed,70.99,0
1436,0.184,39.47,Standard,58.29,0
1954,0.285,40.38,High-Speed,78.01,0
1662,0.312,48.05,High-Speed,78.22,0
2204,0.434,30.96,Eco,72.88,0
1881,0.494,20.23,High-Speed,74.27,0
2801,0.408,38.38,Standard,88.68,0
1008,0.29,40.69,Eco,53.18,0
2534,0.467,42.04,Standard,87.51,0
980,0.309,36.1,Eco,50.57,0
2166,0.389,36.63,Eco,72.74,0
1872,0.558,46.97,Eco,74.84,0
2609,0.47,36.74,High-Speed,87.47,1
2551,0.249,25.03,High-Speed,81.45,0
839,0.352,53.41,Eco,58.73,0
1108,0.328,46.64,High-Speed,64.84,0
1410,0.374,46.17,High-Speed,72.53,0
947,0.464,42.71,Standard,61.64,0
1406,0.413,58.17,Standard,75.23,0
1322,0.375,36.33,Eco,56.19,0
2062,0.433,33.15,Standard,75.23,0
963,0.302,43.83,Standard,60.53,0
1660,0.454,35.92,High-Speed,77.81,0
1822,0.252,36.45,High-Speed,77.34,0
1221,0.426,32.62,Standard,64.62,0
2464,0.486,43.31,High-Speed,100.06,1
1433,0.273,30.04,Eco,50.0,0
1465,0.5,45.23,Eco,67.4,0
2488,0.378,31.0,Eco,81.51,0
1534,0.363,40.88,High-Speed,78.61,0
2160,0.398,41.79,Standard,76.69,0
1816,0.397,55.06,Standard,83.23,0
1452,0.509,35.91,High-Speed,73.9,0
1242,0.337,40.45,Standard,66.52,0
958,0.181,52.24,Standard,59.32,0
1711,0.307,31.9,Eco,56.14,0
2685,0.432,40.59,Standard,83.44,0
2050,0.22,37.31,Eco,71.18,0
1713,0.324,27.97,Eco,59.25,0
1591,0.323,18.42,Standard,59.15,0
2144,0.327,45.57,Standard,84.11,0
1084,0.463,37.85,Standard,59.66,0
2238,0.607,40.47,High-Speed,92.97,1
2886,0.348,41.58,Standard,88.19,0
2996,0.293,35.63,Standard,86.42,0
913,0.296,34.3,Eco,50.13,0
1869,0.325,52.03,Eco,64.02,0
1887,0.459,49.97,Eco,68.55,0
1244,0.316,37.03,High-Speed,65.15,0
2579,0.272,31.12,Standard,83.19,0
2084,0.444,50.17,Standard,84.59,0
2894,0.237,35.8,Eco,80.12,0
2377,0.228,45.7,High-Speed,86.91,1
1578,0.313,45.69,Standard,71.1,0
981,0.314,49.27,High-Speed,67.03,0
2586,0.412,44.74,Eco,81.06,0
2929,0.383,29.99,High-Speed,96.28,1
1607,0.332,35.82,Standard,69.88,0
2566,0.28,28.73,Eco,67.31,0
2152,0.411,29.76,High-Speed,87.72,0
2085,0.142,53.57,High-Speed,84.89,1
1310,0.34,35.64,High-Speed,71.6,0
2030,0.346,48.83,High-Speed,86.97,1
2066,0.365,37.09,High-Speed,82.78,0
2472,0.381,26.32,Standard,73.09,0
2448,0.424,41.37,High-Speed,91.32,1
2011,0.352,42.78,High-Speed,82.46,1
1321,0.272,41.57,Eco,55.31,0
2522,0.391,26.38,High-Speed,89.24,1
2352,0.397,42.05,High-Speed,92.97,1
1512,0.517,48.11,High-Speed,77.33,1
2032,0.222,35.0,Standard,70.11,0
801,0.402,34.19,Standard,56.3,0
1975,0.274,35.11,Eco,61.3,0
2560,0.258,29.19,High-Speed,81.6,0
2119,0.455,32.4,Standard,84.02,0
2609,0.399,41.48,Standard,83.13,0
1675,0.42,35.39,High-Speed,78.15,0
2738,0.606,39.23,High-Speed,103.36,1
1495,0.28,39.72,High-Speed,78.63,0
1147,0.287,54.5,Standard,68.3,0
2911,0.294,45.06,High-Speed,99.96,1
2172,0.412,27.44,Eco,66.67,0
1762,0.325,39.4,High-Speed,80.18,0
2071,0.368,29.32,Eco,68.13,0
1615,0.411,44.48,Eco,70.53,0
900,0.433,43.67,Eco,56.58,0
1802,0.184,43.44,Standard,69.63,0
1098,0.377,29.79,Standard,54.57,0
2497,0.455,39.68,High-Speed,94.75,1
1596,0.353,40.24,High-Speed,79.68,0
2372,0.298,40.77,Standard,77.95,0
2436,0.307,37.53,Eco,74.89,0
1404,0.302,50.05,High-Speed,73.95,0
822,0.331,36.48,Eco,54.54,0
2541,0.37,48.25,Eco,77.21,0
1520,0.377,47.12,High-Speed,79.32,0
2921,0.457,35.86,Standard,93.81,0
1005,0.58,37.1,High-Speed,71.08,0
1820,0.495,52.64,Eco,74.16,0
2669,0.308,37.75,Eco,73.8,0
2703,0.258,31.97,High-Speed,85.48,1
2975,0.347,41.87,High-Speed,102.7,1
2099,0.25,47.87,Standard,76.24,0
2867,0.345,45.4,Standard,86.42,0
2626,0.388,41.33,Eco,82.1,0
2744,0.379,59.64,Standard,92.58,1
1861,0.297,35.01,Eco,62.68,0
1935,0.286,49.51,High-Speed,88.24,1
2784,0.293,33.34,High-Speed,91.84,1
1779,0.295,45.06,Standard,72.69,0
2601,0.198,52.38,Eco,85.3,0
1970,0.289,36.9,Eco,67.39,0
1912,0.383,45.27,Standard,82.39,0
2109,0.332,33.61,High-Speed,77.24,0
1130,0.277,39.73,Eco,60.15,0
1417,0.298,41.79,Eco,60.37,0
2368,0.469,60.22,High-Speed,97.74,1
1425,0.301,48.35,High-Speed,78.29,0
1676,0.535,44.67,Eco,70.31,0
2499,0.409,48.87,Standard,89.72,0
2155,0.401,48.53,High-Speed,93.27,1
2708,0.488,45.19,Standard,90.39,0
1055,0.365,49.65,Eco,57.36,0
2520,0.387,36.85,Standard,82.3,0
880,0.478,41.53,High-Speed,69.9,0
2358,0.214,45.97,Standard,81.04,0
824,0.566,37.54,Standard,62.18,0
2023,0.375,52.62,Standard,80.48,0
2516,0.378,44.86,High-Speed,93.69,1
1703,0.305,41.55,Standard,73.01,0
1698,0.247,41.06,Standard,65.97,0
2585,0.47,27.81,Standard,79.97,0
918,0.388,52.52,Standard,64.28,0
2176,0.294,55.05,High-Speed,85.67,1
2456,0.13,43.52,High-Speed,83.99,1
1476,0.248,45.67,Standard,67.34,0
1322,0.294,29.76,High-Speed,69.7,0
2987,0.415,39.21,Eco,91.4,0
2413,0.243,27.8,High-Speed,79.31,0
911,0.345,41.95,Eco,53.35,0
2555,0.385,29.99,Eco,79.28,0
2691,0.342,48.94,Eco,84.52,0
1005,0.396,44.56,Standard,64.14,0
2352,0.414,50.63,Standard,86.47,0
1666,0.421,39.28,Standard,75.55,0
2138,0.282,54.41,Standard,80.76,0
2352,0.207,41.02,Standard,74.82,0
2526,0.434,34.78,Standard,81.31,0
1135,0.161,36.38,Standard,48.33,0
879,0.192,46.08,High-Speed,66.77,0
1013,0.393,32.26,Standard,57.78,0
1718,0.35,30.73,High-Speed,79.32,0
1081,0.438,38.23,High-Speed,70.54,0
964,0.371,23.67,Eco,47.46,0
1812,0.282,31.99,Eco,61.18,0
883,0.53,45.13,High-Speed,70.83,0
1424,0.407,51.19,Eco,69.78,0
1317,0.356,34.82,Standard,64.68,0
1268,0.389,47.16,High-Speed,77.51,0
1692,0.455,35.72,Standard,75.0,0
1849,0.37,56.6,Standard,77.56,0
1487,0.524,41.58,High-Speed,78.08,0
1269,0.302,37.44,Eco,57.83,0
2074,0.402,35.41,Eco,70.25,0
905,0.564,53.82,Standard,70.51,0
2337,0.354,40.96,Standard,82.13,0
1612,0.248,37.94,Eco,55.55,0
1794,0.39,45.18,Eco,68.28,0
2035,0.507,30.19,High-Speed,78.88,1
1295,0.372,48.38,High-Speed,81.13,0
968,0.304,48.63,Standard,61.46,0
2982,0.333,47.07,Standard,93.84,0
2317,0.192,51.81,Eco,79.42,0
2872,0.287,43.17,High-Speed,97.01,1
2197,0.376,35.6,Eco,69.58,0
2520,0.347,49.38,Standard,87.86,0
1232,0.313,46.17,Standard,56.23,0
2283,0.465,26.08,High-Speed,83.21,0
2683,0.238,29.64,High-Speed,89.53,0
1426,0.303,42.77,Standard,65.93,0
1521,0.398,40.61,High-Speed,73.16,0
2937,0.45,36.05,High-Speed,93.06,1
1906,0.307,52.01,High-Speed,87.62,1
2780,0.315,37.21,Standard,83.49,0
2584,0.558,43.06,High-Speed,99.22,1
1899,0.453,41.91,Standard,75.8,0
1805,0.33,39.43,Eco,65.99,0
1942,0.423,40.42,Standard,78.07,0
1798,0.342,40.63,Standard,65.78,0
2352,0.442,42.77,Standard,86.43,0
917,0.06,56.71,Standard,57.52,0
2131,0.461,31.68,Eco,73.0,0
2797,0.245,35.01,Eco,82.83,0
2253,0.331,41.74,Standard,81.38,0
2194,0.4,41.2,Standard,80.48,0
1931,0.59,39.54,High-Speed,88.13,1
841,0.455,48.84,High-Speed,75.09,0
1582,0.414,30.86,Eco,66.32,0
1788,0.235,42.42,High-Speed,75.4,0
2464,0.344,42.63,Standard,83.58,0
1784,0.392,52.91,High-Speed,87.08,1
2750,0.326,47.71,High-Speed,100.05,1
2810,0.227,44.78,Standard,87.84,0
870,0.32,51.01,Eco,56.0,0
2005,0.363,38.62,Eco,69.64,0
2456,0.24,28.48,High-Speed,87.02,0
1796,0.265,32.07,Standard,59.93,0
2311,0.286,29.42,Standard,78.51,0
2974,0.451,34.49,Standard,96.44,0
2542,0.448,37.4,High-Speed,84.79,1
2154,0.579,28.88,Standard,73.4,0
2658,0.452,59.52,Standard,99.13,1
2055,0.406,44.76,Standard,81.44,0
1744,0.426,42.25,Eco,69.02,0
1588,0.344,33.97,Standard,65.17,0
1289,0.181,39.21,High-Speed,64.58,0
2994,0.24,41.44,High-Speed,99.66,1
1558,0.442,27.44,Eco,57.43,0
1686,0.444,32.14,High-Speed,76.57,0
2783,0.405,32.25,Standard,85.09,0
2948,0.217,35.19,High-Speed,92.68,1
1959,0.191,43.52,Eco,66.51,0
1595,0.405,41.79,Standard,74.86,0
1731,0.363,36.56,Standard,70.03,0
1534,0.404,40.39,Standard,69.39,0
857,0.28,34.7,High-Speed,57.53,0
2987,0.525,30.05,Eco,82.87,0
1923,0.278,47.16,Eco,68.77,0
1023,0.475,34.61,High-Speed,69.9,0
1996,0.266,57.16,High-Speed,83.89,1
1317,0.381,45.07,High-Speed,76.55,0
2810,0.331,38.96,Eco,81.14,0
850,0.335,47.71,High-Speed,74.84,0
1964,0.294,29.04,Standard,68.16,0
2760,0.608,33.57,Standard,94.95,0
2195,0.518,35.57,Eco,76.81,0
1010,0.513,36.97,Standard,62.15,0
2756,0.292,31.88,Eco,74.44,0
1067,0.228,40.27,Standard,55.5,0
2814,0.373,27.55,Eco,78.55,0
1019,0.433,24.05,Eco,51.85,0
1411,0.473,30.32,High-Speed,78.14,0
2044,0.392,34.36,Eco,69.04,0
1816,0.406,40.61,Eco,70.25,0
2504,0.258,41.35,High-Speed,84.31,1
1724,0.339,32.77,High-Speed,73.24,0
2358,0.474,48.73,Standard,88.54,0
2613,0.241,37.47,Standard,83.85,0
2556,0.364,58.55,Standard,92.04,0
1046,0.369,37.53,High-Speed,68.33,0
1206,0.335,45.66,Eco,62.6,0
1664,0.271,29.35,Standard,57.97,0
1132,0.401,31.17,Eco,48.01,0
1782,0.389,59.94,Eco,75.41,0
1107,0.434,40.65,Eco,58.42,0
810,0.442,37.68,Standard,59.07,0
2645,0.382,34.66,High-Speed,94.07,1
2724,0.333,33.95,Standard,84.37,0
933,0.26,40.23,Eco,51.56,0
1980,0.459,43.8,High-Speed,86.62,1
1958,0.432,51.12,High-Speed,90.29,1
2659,0.351,29.51,Eco,72.27,0
1756,0.319,35.12,Standard,67.8,0
1610,0.356,44.24,Standard,70.53,0
1270,0.399,40.52,High-Speed,67.31,0
1720,0.256,38.85,High-Speed,72.11,0
1410,0.41,52.25,Standard,75.96,0
1382,0.329,51.93,Eco,65.17,0
1044,0.316,35.09,Eco,51.69,0
2059,0.311,41.36,High-Speed,83.69,0
1982,0.35,43.5,Standard,79.45,0
1309,0.445,28.12,Standard,54.35,0
2045,0.443,29.06,High-Speed,80.7,0
2448,0.233,25.58,Standard,74.4,0
2849,0.426,35.39,High-Speed,87.77,1
2822,0.295,43.13,Standard,82.52,0
1129,0.368,39.88,High-Speed,71.82,0
963,0.362,32.22,Standard,59.97,0
2120,0.334,39.78,High-Speed,81.26,1
1825,0.306,32.92,Eco,62.67,0
1174,0.521,29.02,Eco,52.4,0
884,0.497,38.33,High-Speed,67.01,0
1903,0.454,35.16,High-Speed,87.44,0
964,0.418,36.1,Eco,60.82,0
2727,0.289,45.94,High-Speed,95.4,1
2611,0.48,52.49,Standard,92.26,0
1543,0.275,43.68,High-Speed,73.46,0
2585,0.551,41.09,High-Speed,95.89,1
2814,0.368,29.22,Eco,75.18,0
2725,0.47,34.74,Standard,83.38,0
2472,0.404,49.49,Standard,89.13,0
2115,0.45,33.95,High-Speed,80.29,1
1228,0.5,37.42,Eco,60.14,0
2150,0.483,44.45,Standard,83.47,0
2829,0.567,34.85,Standard,93.33,0
2440,0.356,42.15,High-Speed,94.95,1
950,0.401,44.31,Standard,65.22,0
1160,0.314,33.29,Standard,55.43,0
1833,0.153,56.45,Standard,70.59,0
1274,0.328,37.79,Standard,63.35,0
2907,0.432,46.88,Eco,86.41,0
2692,0.333,42.26,Standard,84.86,0
1022,0.511,43.93,Eco,62.88,0
2923,0.416,49.39,Standard,94.54,0
2841,0.22,43.2,High-Speed,91.44,1
2610,0.297,44.69,Eco,83.17,0
1633,0.352,42.47,Standard,75.39,0
1336,0.374,60.81,Standard,75.41,0
2594,0.174,46.03,High-Speed,90.82,1
2785,0.479,45.39,Eco,86.49,0
918,0.228,38.33,High-Speed,60.25,0
1780,0.292,44.71,High-Speed,84.89,0
1448,0.389,30.43,Standard,64.95,0
856,0.47,35.12,High-Speed,66.24,0
2471,0.351,33.72,Eco,76.27,0
1720,0.338,43.36,Eco,63.93,0
2690,0.306,45.78,Eco,80.19,0
1430,0.523,36.8,Standard,69.92,0
1995,0.443,28.65,High-Speed,75.18,0
1919,0.197,50.1,Standard,72.09,0
2776,0.606,35.49,Standard,91.54,0
1798,0.504,56.05,Standard,88.17,0
1392,0.471,48.19,Standard,73.71,0
1580,0.428,35.59,High-Speed,74.18,0
2881,0.35,38.64,High-Speed,94.06,1
1359,0.42,47.64,Eco,65.21,0
1931,0.498,30.87,Standard,73.18,0
2192,0.278,25.07,High-Speed,77.61,0
1894,0.338,52.11,Eco,74.6,0
1958,0.248,54.83,High-Speed,89.17,1
2022,0.408,38.19,High-Speed,80.93,1
2805,0.313,48.71,Eco,90.04,0
2629,0.504,36.09,High-Speed,91.11,1
2783,0.364,25.85,Standard,82.15,0
2161,0.335,36.27,High-Speed,78.51,0
2345,0.401,35.74,Standard,75.99,0
2118,0.063,39.78,Eco,69.57,0
1778,0.516,36.34,High-Speed,80.3,1
2368,0.397,32.01,Eco,74.15,0
2482,0.427,49.82,Eco,82.53,0
2103,0.33,32.98,High-Speed,78.51,0
2737,0.327,42.94,High-Speed,97.15,1
2361,0.27,51.94,Standard,82.13,0
1423,0.348,34.02,Standard,56.38,0
951,0.438,45.89,Eco,57.73,0
2857,0.357,44.13,High-Speed,92.74,1
2159,0.297,46.35,Eco,69.59,0
2603,0.379,29.15,Eco,76.58,0
2954,0.346,27.08,Standard,87.29,0
862,0.277,33.52,High-Speed,61.86,0
1390,0.465,31.87,Standard,65.41,0
1432,0.393,45.54,Eco,65.05,0
2723,0.313,33.38,Standard,82.28,0
2186,0.243,16.63,High-Speed,74.83,0
2428,0.44,21.1,High-Speed,80.83,0
1128,0.412,56.46,Standard,69.87,0
2985,0.277,38.54,Standard,91.24,0
2097,0.285,33.61,High-Speed,78.58,0
2798,0.255,40.98,High-Speed,97.61,1
947,0.382,37.98,High-Speed,66.07,0
1080,0.194,47.06,Eco,54.64,0
1977,0.332,65.54,Eco,80.07,0
1170,0.275,36.59,Standard,62.51,0
1203,0.361,28.49,High-Speed,69.22,0
1211,0.283,54.99,Standard,70.48,0
1481,0.305,50.25,High-Speed,78.14,0
2026,0.435,43.88,Eco,71.28,0
988,0.286,48.24,Standard,60.26,0
1029,0.31,32.36,Standard,57.4,0
2268,0.556,31.46,Standard,80.58,0
2564,0.491,39.36,Eco,82.84,0
1800,0.244,43.43,High-Speed,77.91,0
2487,0.449,49.5,High-Speed,104.1,1
1537,0.408,42.61,Eco,65.88,0
1517,0.315,42.71,Eco,61.83,0
2366,0.367,50.54,High-Speed,89.86,1
1786,0.464,50.54,Standard,78.25,0
1386,0.138,35.14,Eco,57.19,0
2688,0.348,32.01,High-Speed,88.31,1
1840,0.434,44.37,Standard,75.48,0
1845,0.313,36.87,High-Speed,75.48,0
838,0.512,37.42,Standard,63.99,0
1978,0.502,47.99,High-Speed,88.12,1
1447,0.39,39.81,Eco,59.67,0
2609,0.382,30.57,Standard,84.48,0
2025,0.304,41.61,High-Speed,83.47,0
2537,0.324,44.69,High-Speed,90.61,1
1824,0.437,29.23,Standard,70.36,0
2037,0.544,32.0,Eco,69.92,0
2375,0.401,41.44,Standard,83.28,0
1236,0.399,45.08,Eco,64.88,0
2362,0.391,38.07,High-Speed,90.45,1
2270,0.54,38.94,High-Speed,88.2,1
2011,0.461,39.04,High-Speed,78.79,1
2009,0.435,35.72,Eco,70.03,0
2421,0.383,41.52,Standard,84.63,0
833,0.306,44.1,High-Speed,65.01,0
1000,0.424,44.92,High-Speed,68.76,0
2834,0.459,35.71,Standard,90.69,0
1742,0.387,54.71,High-Speed,85.02,1
2243,0.315,39.84,Eco,71.55,0
1578,0.43,27.07,High-Speed,70.09,0
1826,0.243,47.6,High-Speed,85.64,0
1360,0.34,38.65,High-Speed,72.57,0
1197,0.466,32.58,High-Speed,71.35,0
961,0.448,44.01,Standard,63.79,0
2605,0.45,18.37,Eco,74.71,0
2294,0.285,25.35,High-Speed,81.21,0
1338,0.487,38.9,Eco,65.66,0
2008,0.511,50.52,Standard,88.02,0
2501,0.424,40.6,Eco,74.55,0
1622,0.325,33.25,Eco,67.27,0
2298,0.332,40.99,High-Speed,88.82,1
2855,0.354,53.56,Standard,91.23,0
1473,0.369,34.06,Standard,60.98,0
2773,0.289,39.7,Standard,83.41,0
2187,0.281,28.75,Eco,66.08,0
2718,0.2,46.08,Eco,79.45,0
1376,0.204,37.53,Eco,53.5,0
2427,0.382,50.72,High-Speed,88.62,1
2298,0.362,38.72,Eco,76.02,0
2416,0.371,33.98,Eco,73.15,0
1883,0.27,48.61,High-Speed,82.5,1
1306,0.54,39.51,Standard,66.77,0
2309,0.199,25.57,High-Speed,73.09,0
1873,0.377,44.07,High-Speed,78.4,1
2360,0.44,36.14,High-Speed,89.3,1
2321,0.511,47.17,Eco,80.65,0
1757,0.261,22.79,Standard,59.84,0
902,0.329,32.1,High-Speed,62.2,0
2143,0.358,38.2,High-Speed,82.42,1
1706,0.367,43.54,High-Speed,76.91,0
1058,0.491,39.21,High-Speed,71.89,0
2701,0.421,41.87,High-Speed,98.65,1
2037,0.379,35.1,High-Speed,83.15,0
2472,0.236,40.87,Eco,74.23,0
1372,0.329,38.97,Eco,53.75,0
952,0.295,40.74,Standard,58.43,0
2817,0.247,50.13,Eco,80.88,0
1198,0.447,43.42,Eco,59.57,0
1355,0.528,30.45,Standard,68.46,0
2658,0.45,34.64,Standard,89.15,0
2516,0.325,42.31,High-Speed,91.57,1
1432,0.337,46.49,Standard,70.88,0
1205,0.175,50.43,Standard,57.63,0
2471,0.453,49.01,Standard,84.72,0
934,0.309,31.15,High-Speed,61.55,0
2317,0.319,46.24,Eco,80.16,0
2616,0.49,35.5,Standard,85.06,0
1767,0.182,33.55,Standard,67.37,0
1206,0.512,30.13,High-Speed,69.16,0
2304,0.347,42.24,High-Speed,85.7,1
2269,0.392,36.21,Eco,73.28,0
2430,0.405,40.05,Standard,81.29,0
1577,0.339,39.29,Eco,61.74,0
2662,0.324,52.79,Eco,85.83,0
1668,0.32,45.58,High-Speed,78.25,0
887,0.467,42.96,Eco,56.84,0
2166,0.395,27.43,Eco,64.96,0
1315,0.231,41.14,High-Speed,75.15,0
1640,0.573,45.1,Eco,73.47,0
1648,0.17,35.66,High-Speed,68.87,0
1684,0.288,38.65,Eco,61.5,0
2145,0.152,45.98,Eco,66.15,0
811,0.374,56.59,Standard,61.39,0
1392,0.097,37.71,Eco,56.69,0
1826,0.546,30.16,Eco,69.59,0
1250,0.303,39.15,High-Speed,77.92,0
905,0.2,42.03,Eco,51.79,0
860,0.459,40.78,Standard,61.61,0
1774,0.311,42.15,High-Speed,78.22,0
2126,0.412,37.04,Eco,73.14,0
1513,0.347,49.01,Standard,70.82,0
1014,0.173,50.1,Eco,51.86,0
2524,0.285,35.23,High-Speed,91.2,1
1265,0.136,65.1,High-Speed,79.58,0
1060,0.372,39.56,Standard,61.88,0
2636,0.402,45.16,Standard,89.32,0
2902,0.359,38.42,High-Speed,95.42,1
1246,0.331,49.07,Standard,68.37,0
2863,0.056,45.25,Eco,78.03,0
977,0.348,36.89,High-Speed,69.48,0
2935,0.445,33.82,Standard,89.9,0
2676,0.253,28.96,High-Speed,84.17,0
927,0.436,47.63,Eco,60.4,0
2761,0.423,44.13,Standard,87.72,0
2546,0.393,46.4,High-Speed,96.84,1
1242,0.469,45.67,Standard,69.68,0
2616,0.457,39.79,Eco,78.94,0
1130,0.334,34.04,Standard,56.89,0
1407,0.336,33.66,Eco,57.05,0
1316,0.161,41.71,Standard,60.45,0
2131,0.268,45.27,Standard,79.59,0
2973,0.189,33.9,Standard,80.57,0
2658,0.256,46.64,High-Speed,92.34,1
2562,0.324,23.97,Eco,73.02,0
1268,0.226,40.48,High-Speed,69.69,0
1680,0.486,29.53,Standard,60.1,0
2649,0.368,54.4,Eco,89.41,0
2494,0.371,36.07,Standard,83.53,0
2657,0.253,43.81,Standard,85.22,0
2503,0.456,62.08,High-Speed,102.95,1
1189,0.299,39.8,Standard,55.92,0
2548,0.281,36.73,Standard,78.36,0
1844,0.365,33.42,Standard,73.52,0
1425,0.35,39.93,High-Speed,73.11,0
2742,0.366,46.6,Eco,81.32,0
1173,0.284,37.57,Eco,50.69,0
1181,0.268,36.19,Standard,61.51,0
1195,0.376,41.55,High-Speed,74.5,0
2326,0.336,43.12,Eco,75.23,0
1045,0.377,35.34,High-Speed,59.92,0
2150,0.337,51.38,High-Speed,92.01,1
1300,0.447,49.89,Standard,70.9,0
2248,0.37,35.06,High-Speed,84.05,1
2532,0.412,49.63,High-Speed,95.71,1
1010,0.305,40.0,Standard,60.58,0
2079,0.206,21.63,Standard,63.34,0
1224,0.228,35.93,High-Speed,65.99,0
2878,0.305,51.62,Eco,87.42,0
1433,0.38,44.98,High-Speed,73.57,0
2775,0.454,39.39,Eco,85.74,0
1243,0.243,27.57,Standard,58.2,0
2305,0.388,32.78,Eco,69.78,0
1941,0.463,30.48,High-Speed,85.81,0
1726,0.26,45.11,Standard,69.45,0
907,0.41,35.65,High-Speed,65.63,0
1895,0.354,31.98,Eco,67.29,0
1538,0.299,38.17,Standard,62.83,0
2065,0.094,38.47,Standard,75.95,0
2237,0.428,39.85,Eco,74.41,0
1543,0.352,44.38,Eco,61.15,0
2441,0.461,45.72,Eco,83.58,0
1381,0.394,40.16,High-Speed,76.65,0
925,0.409,37.17,Eco,52.25,0
2972,0.36,52.39,Eco,85.82,0
2340,0.203,41.32,Standard,76.86,0
2658,0.367,41.95,Standard,85.16,0
1444,0.499,27.19,Standard,62.53,0
2076,0.34,26.85,High-Speed,77.85,0
2128,0.516,40.17,High-Speed,89.58,1
1147,0.224,35.07,Eco,50.71,0
1437,0.318,50.25,Eco,66.28,0
1003,0.239,41.97,High-Speed,67.3,0
1134,0.464,52.64,Standard,66.62,0
2614,0.269,29.94,High-Speed,85.21,0
2536,0.397,47.9,Standard,86.9,0
2610,0.318,41.21,Standard,81.08,0
1918,0.559,27.14,Eco,69.16,0
2898,0.552,40.05,Eco,87.72,0
2213,0.314,38.56,Standard,80.59,0
1254,0.129,52.27,Standard,58.67,0
2793,0.323,36.57,High-Speed,94.36,1
2063,0.19,43.7,Eco,74.25,0
1703,0.214,41.52,Standard,65.52,0
1024,0.393,40.15,Eco,54.32,0
1637,0.399,54.43,Standard,75.73,0
1665,0.422,29.65,Eco,59.52,0
1846,0.397,51.87,Standard,79.43,0
2143,0.319,39.99,Eco,67.36,0
831,0.41,47.06,Standard,60.18,0
2563,0.303,42.13,Eco,76.56,0
1329,0.343,56.8,Standard,70.49,0
2981,0.314,34.82,High-Speed,96.73,1
1742,0.332,34.81,High-Speed,80.32,0
2250,0.492,35.2,Eco,69.53,0
2426,0.451,34.52,High-Speed,91.84,1
973,0.153,47.14,Standard,53.64,0
876,0.423,40.11,Standard,56.9,0
1118,0.309,45.49,Standard,63.01,0
2558,0.408,55.81,High-Speed,94.2,1
2456,0.512,40.83,High-Speed,91.28,1
2510,0.217,38.49,Standard,81.24,0
1271,0.337,52.09,Standard,63.97,0
885,0.349,29.98,Standard,55.08,0
1503,0.439,36.63,High-Speed,68.36,0
2684,0.37,43.49,High-Speed,96.12,1
2282,0.474,31.43,Eco,75.69,0
2588,0.469,25.77,Eco,76.81,0
1796,0.3,39.35,Standard,71.22,0
2440,0.301,34.59,High-Speed,86.06,1
1122,0.241,31.31,Standard,57.42,0
2070,0.235,45.33,High-Speed,84.44,0
2190,0.177,34.58,Eco,69.69,0
2164,0.252,36.28,Eco,69.66,0
1112,0.428,37.99,High-Speed,68.78,0
1267,0.492,53.91,High-Speed,83.81,1
2888,0.359,33.53,Eco,78.22,0
2231,0.402,43.35,Standard,85.06,0
1404,0.415,27.98,Eco,60.78,0
1221,0.25,36.93,Eco,55.09,0
1848,0.55,64.88,Eco,84.24,0
1510,0.332,44.28,High-Speed,79.32,0
1426,0.318,54.36,High-Speed,79.77,0
1108,0.4,45.33,Eco,61.02,0
2823,0.434,35.06,Standard,85.54,0
2638,0.24,43.52,High-Speed,93.31,1
2123,0.396,53.4,High-Speed,91.09,1
2094,0.417,31.27,Eco,68.18,0
2601,0.42,46.79,Eco,82.35,0
2720,0.343,27.86,Standard,79.45,0
2040,0.439,44.6,Standard,80.92,0
1030,0.355,40.06,Standard,58.37,0
2878,0.42,43.37,Eco,87.49,0
2071,0.297,22.77,Standard,70.89,0
2651,0.302,33.1,Eco,77.64,0
1033,0.311,48.48,Standard,64.51,0
1975,0.418,29.07,Eco,70.34,0
1169,0.376,37.05,High-Speed,70.19,0
2876,0.172,43.27,Standard,81.66,0
2695,0.215,27.82,High-Speed,88.27,0
968,0.287,52.27,Standard,61.0,0
1571,0.179,31.07,Standard,64.18,0
2748,0.334,35.61,High-Speed,92.29,1
1417,0.4,48.94,Eco,70.18,0
2645,0.314,29.39,Eco,73.04,0
2206,0.376,32.29,High-Speed,80.53,0
1145,0.384,39.61,High-Speed,70.72,0
1506,0.274,38.16,Eco,56.93,0
1814,0.439,48.28,High-Speed,79.96,1
2593,0.257,28.03,Standard,74.58,0
2946,0.342,28.4,High-Speed,89.33,1
1450,0.25,41.66,Standard,64.87,0
2327,0.278,41.41,Standard,76.78,0
2386,0.323,53.39,Standard,89.24,0
2185,0.22,46.64,High-Speed,87.37,1
1014,0.235,46.55,High-Speed,72.32,0
2170,0.238,32.66,Eco,69.62,0
2150,0.377,44.41,Eco,75.46,0
2383,0.389,29.39,Standard,80.37,0
1832,0.467,38.16,High-Speed,82.29,1
1415,0.197,44.11,Standard,65.51,0
1133,0.344,48.99,High-Speed,72.19,0
1379,0.406,31.84,Standard,63.5,0
2070,0.333,41.8,High-Speed,82.99,1
2405,0.337,46.61,Eco,76.83,0
1147,0.189,54.0,Standard,67.67,0
2342,0.221,45.52,High-Speed,85.35,1
2145,0.376,42.35,Eco,72.81,0
2956,0.272,34.48,Eco,77.18,0
2534,0.267,39.46,High-Speed,86.32,1
2282,0.418,51.9,Eco,78.7,0
2285,0.374,44.0,Standard,82.64,0
1538,0.358,45.94,Eco,66.84,0
2199,0.226,46.95,Standard,80.08,0
1586,0.274,40.3,Eco,63.81,0
1363,0.329,48.58,Eco,70.19,0
1116,0.271,28.95,Standard,56.01,0
1214,0.422,38.15,High-Speed,76.38,0
2956,0.216,45.54,Eco,81.14,0
2179,0.522,55.94,High-Speed,93.81,1
1336,0.295,46.88,High-Speed,73.01,0
2343,0.345,40.2,Eco,69.09,0
1464,0.349,34.48,Eco,58.0,0
1478,0.494,29.95,High-Speed,76.94,0
2592,0.322,37.76,Eco,79.41,0
2482,0.384,44.56,Standard,87.56,0
1772,0.317,35.1,Standard,65.29,0
1967,0.267,63.59,High-Speed,93.35,1
2638,0.215,29.42,Eco,73.16,0
2987,0.405,44.39,Eco,86.92,0
2067,0.337,42.62,Standard,76.74,0
1594,0.128,38.16,Standard,59.82,0
2604,0.368,63.88,Standard,94.91,1
1954,0.319,47.37,Standard,77.68,0
2859,0.392,44.85,High-Speed,104.79,1
2514,0.237,43.79,Eco,73.37,0
1617,0.406,32.65,High-Speed,74.21,0
1366,0.32,47.81,Standard,70.37,0
1013,0.225,40.44,High-Speed,62.87,0
2768,0.224,38.26,Standard,81.5,0
1220,0.593,43.46,High-Speed,74.38,0
2913,0.294,48.17,Eco,91.58,0
1967,0.191,24.96,Eco,64.88,0
1456,0.389,33.05,Standard,66.39,0
2640,0.086,40.03,High-Speed,86.75,0
1403,0.442,31.89,Standard,65.11,0
1175,0.257,42.04,Eco,53.18,0
2647,0.309,32.03,Standard,82.2,0
909,0.436,38.12,Standard,59.9,0
1018,0.205,37.6,Standard,55.28,0
2856,0.612,31.1,Standard,94.97,0
1765,0.45,42.25,Standard,79.9,0
1134,0.387,43.11,Standard,63.77,0
1719,0.472,48.77,Eco,70.22,0
2105,0.218,38.38,Eco,64.98,0
2173,0.344,49.9,Eco,74.78,0
1363,0.346,40.46,Eco,62.82,0
1975,0.125,35.15,Standard,67.44,0
1368,0.47,36.06,High-Speed,69.06,0
2721,0.412,34.92,Standard,81.51,0
821,0.288,38.52,Eco,48.11,0
877,0.129,47.18,Standard,59.08,0
1683,0.415,30.9,Eco,62.38,0
2961,0.349,44.79,Standard,93.06,0
1255,0.277,40.66,Standard,63.39,0
1773,0.496,45.64,Standard,79.62,0
1299,0.358,51.28,Eco,65.18,0
1776,0.264,51.23,Standard,75.83,0
2672,0.306,36.16,Eco,78.08,0
1254,0.396,41.58,Standard,66.28,0
2995,0.52,48.57,Eco,92.92,1
2910,0.444,31.74,High-Speed,96.64,1
1790,0.531,38.26,High-Speed,80.89,1
1388,0.285,31.28,Standard,58.1,0
2558,0.313,28.76,Eco,72.75,0
2245,0.44,32.74,Eco,77.33,0
2506,0.401,48.24,Eco,79.94,0
1150,0.435,31.26,High-Speed,71.3,0
2277,0.367,44.43,Eco,72.58,0
2954,0.26,44.78,High-Speed,93.88,1
2878,0.396,29.06,High-Speed,95.24,1
883,0.227,44.42,Standard,58.56,0
2725,0.28,44.66,Eco,81.52,0
2384,0.296,31.93,Standard,70.04,0
1838,0.385,27.48,High-Speed,76.47,0
866,0.324,45.43,Standard,58.36,0
1076,0.317,45.85,Standard,63.41,0
1787,0.382,43.75,High-Speed,77.25,0
1224,0.426,44.9,High-Speed,71.92,0
2161,0.326,39.69,Eco,71.04,0
981,0.383,51.45,Standard,68.12,0
2186,0.219,44.98,High-Speed,88.24,1
1517,0.389,48.73,High-Speed,86.01,0
2703,0.452,41.99,High-Speed,99.78,1
2760,0.364,40.19,High-Speed,93.52,1
1546,0.506,33.45,Eco,68.82,0
1058,0.4,28.81,High-Speed,66.5,0
2674,0.14,45.0,Eco,79.27,0
2001,0.291,40.99,Eco,74.55,0
979,0.299,31.53,Eco,54.22,0
971,0.546,40.03,Standard,67.26,0
2070,0.484,34.06,High-Speed,83.32,1
2431,0.473,53.48,High-Speed,99.37,1
2739,0.262,55.9,Standard,88.4,0
949,0.316,42.74,High-Speed,71.89,0
1582,0.435,43.32,Standard,73.32,0
2262,0.354,44.47,Eco,67.98,0
2159,0.32,41.93,Standard,73.7,0
1309,0.389,38.36,Standard,69.97,0
2589,0.507,36.27,Standard,85.57,0
2601,0.343,36.39,Standard,82.73,0
2188,0.274,30.96,Eco,68.92,0
2832,0.413,33.57,High-Speed,96.92,1
2837,0.287,42.03,Standard,89.0,0
2926,0.347,43.64,Standard,88.47,0
1138,0.33,38.35,High-Speed,66.42,0
2538,0.332,27.61,Eco,70.94,0
2563,0.322,37.95,High-Speed,88.95,1
1539,0.344,43.84,High-Speed,79.84,0
2003,0.285,30.37,Standard,66.19,0
1220,0.301,37.18,Eco,53.39,0
2143,0.22,36.35,High-Speed,80.73,0
2010,0.41,35.54,Standard,73.38,0
2626,0.257,39.75,High-Speed,87.17,1
2545,0.407,25.71,Eco,72.56,0
2618,0.38,41.47,Standard,93.44,0
2631,0.385,31.97,Eco,76.59,0
2244,0.172,39.36,High-Speed,79.2,0
2581,0.442,35.6,Standard,83.65,0
1034,0.286,53.91,Eco,58.26,0
2463,0.533,46.51,Standard,90.32,0
2901,0.387,43.15,High-Speed,92.67,1
1455,0.322,46.76,Eco,63.43,0
1384,0.209,39.58,High-Speed,74.93,0
2594,0.475,39.5,Eco,84.44,0
1317,0.313,26.37,Eco,50.35,0
1766,0.506,37.81,High-Speed,81.53,1
2300,0.32,55.23,Standard,89.47,0
2368,0.572,38.73,High-Speed,94.2,1
932,0.198,51.82,High-Speed,64.15,0
1428,0.372,31.22,High-Speed,69.44,0
2642,0.266,35.14,Standard,78.72,0
2323,0.295,46.67,Standard,77.57,0
1114,0.372,49.74,High-Speed,72.37,0
1363,0.278,38.16,High-Speed,74.2,0
2303,0.369,35.75,Standard,79.52,0
2087,0.24,45.45,High-Speed,84.71,1
1941,0.319,33.29,Eco,62.75,0
1264,0.403,49.83,Eco,62.06,0
1562,0.396,23.3,Standard,60.9,0
2920,0.347,32.72,Standard,82.75,0
1282,0.283,42.34,Standard,62.68,0
1866,0.126,23.03,High-Speed,66.53,0
2627,0.396,18.02,Eco,70.01,0
1969,0.297,51.11,High-Speed,84.25,1
2811,0.388,41.13,Eco,76.93,0
1302,0.427,41.72,Eco,63.42,0
1103,0.743,23.33,Standard,69.63,0
1507,0.321,42.3,High-Speed,75.41,0
2623,0.308,35.44,Eco,77.21,0
2109,0.198,46.0,High-Speed,81.74,0
2223,0.237,36.4,High-Speed,85.6,0
1065,0.296,42.87,High-Speed,66.33,0
1989,0.426,45.48,Standard,84.22,0
1445,0.332,45.35,High-Speed,76.41,0
1513,0.48,34.25,Standard,70.63,0
2883,0.331,39.49,Eco,82.59,0
1297,0.375,39.07,Eco,60.1,0
1368,0.508,47.88,Eco,69.98,0
2823,0.304,32.89,Eco,80.97,0
2278,0.438,51.78,High-Speed,92.02,1
2311,0.327,26.88,Standard,72.41,0
1331,0.45,36.27,High-Speed,75.64,0
1153,0.331,42.59,Eco,54.16,0
2066,0.359,16.07,Standard,65.83,0
2760,0.187,49.65,High-Speed,96.27,1
2482,0.397,52.17,Standard,85.18,0
1102,0.525,47.46,Eco,62.93,0
2098,0.464,31.15,High-Speed,81.06,1
1103,0.289,35.77,Standard,54.91,0
2708,0.472,37.93,High-Speed,96.65,1
2919,0.293,25.44,Standard,82.1,0
1325,0.159,39.45,High-Speed,63.53,0
1545,0.549,47.29,Eco,71.13,0
2572,0.476,33.23,High-Speed,93.4,1
1026,0.37,42.11,Eco,60.3,0
2922,0.423,42.31,Eco,81.36,0
2045,0.254,39.02,Eco,67.91,0
1463,0.237,59.29,Standard,76.14,0
1723,0.41,40.58,Standard,71.69,0
2925,0.255,40.62,Standard,87.27,0
1123,0.226,42.67,Standard,59.1,0
1604,0.159,33.12,High-Speed,68.04,0
1924,0.539,44.45,Eco,71.11,0
2040,0.399,27.62,High-Speed,82.87,0
2985,0.303,39.25,Eco,87.03,0
2858,0.221,28.82,High-Speed,86.17,1
1490,0.454,27.85,High-Speed,64.34,0
1431,0.305,44.41,Eco,65.45,0
2182,0.304,36.71,High-Speed,86.48,0
968,0.163,36.89,Eco,48.92,0
1132,0.395,35.92,Eco,56.33,0
1884,0.101,34.73,High-Speed,74.04,0
1663,0.252,40.47,High-Speed,76.77,0
2506,0.316,41.36,High-Speed,87.15,1
924,0.329,44.88,Standard,60.51,0
1986,0.291,41.79,High-Speed,83.92,0
2037,0.145,49.27,Standard,72.88,0
1803,0.393,49.58,High-Speed,80.59,1
2463,0.279,37.69,Standard,76.64,0
2657,0.523,33.15,Eco,79.52,0
1045,0.37,30.38,Eco,50.89,0
2600,0.382,37.34,Standard,83.21,0
2783,0.297,27.88,Standard,81.29,0
1635,0.525,40.15,Standard,74.39,0
1388,0.419,29.85,Standard,68.34,0
2107,0.37,53.05,High-Speed,87.88,1
2214,0.532,46.2,Standard,86.65,0
1335,0.373,38.01,Standard,68.16,0
2909,0.364,24.26,High-Speed,87.09,1
1234,0.331,42.48,Standard,63.61,0
1790,0.472,24.39,Standard,68.84,0
1301,0.168,46.08,Standard,61.86,0
2641,0.392,33.09,Eco,81.49,0
1377,0.454,44.67,Eco,64.48,0
1007,0.408,34.34,Standard,61.61,0
2373,0.515,48.56,High-Speed,93.71,1
2512,0.386,29.65,Eco,75.91,0
1454,0.395,25.04,Standard,58.22,0
2080,0.322,37.59,Eco,65.66,0
1452,0.389,42.01,Standard,67.73,0
2908,0.274,48.39,Standard,94.79,0
2842,0.302,35.1,Standard,85.69,0
2837,0.314,38.88,Eco,83.18,0
1168,0.159,50.55,Standard,61.93,0
2870,0.309,39.29,Standard,86.38,0
1786,0.177,51.96,Eco,67.12,0
2245,0.394,47.61,Eco,74.51,0
1007,0.397,37.86,Standard,62.71,0
2827,0.137,39.21,High-Speed,87.71,1
2727,0.393,43.76,Standard,86.11,0
2998,0.279,39.11,Eco,79.9,0
1240,0.434,37.05,Standard,55.55,0
1348,0.313,31.69,Standard,55.83,0
2298,0.226,40.88,Standard,80.46,0
2298,0.381,35.15,Eco,74.42,0
2440,0.304,34.44,Eco,69.51,0
1597,0.175,36.88,Standard,63.56,0
1982,0.34,36.67,Eco,65.06,0
2382,0.411,29.46,High-Speed,88.12,1
2644,0.25,33.98,High-Speed,83.1,1
1945,0.3,47.8,High-Speed,85.34,1
1286,0.448,44.18,Eco,59.85,0
1196,0.317,33.76,Standard,63.36,0
2328,0.23,47.15,Standard,82.21,0
2297,0.533,36.72,Eco,79.6,0
1615,0.578,35.06,High-Speed,76.09,0
2885,0.162,45.7,Standard,79.96,0
2848,0.313,43.5,Eco,83.5,0
985,0.393,41.78,Eco,60.15,0
1361,0.255,34.58,High-Speed,66.3,0
2164,0.433,47.2,Standard,83.52,0
2927,0.468,30.58,Standard,92.84,0
1410,0.502,45.88,High-Speed,85.4,1
2911,0.184,35.8,Eco,75.38,0
2143,0.422,31.6,High-Speed,85.61,0
2104,0.487,45.56,Eco,77.81,0
2409,0.251,33.23,High-Speed,87.45,0
2025,0.428,39.69,High-Speed,83.7,1
2177,0.147,31.43,High-Speed,82.64,0
2887,0.222,41.52,High-Speed,96.49,1
2806,0.225,41.48,High-Speed,95.12,1
2027,0.351,62.95,Standard,79.35,0
868,0.456,38.62,Standard,62.18,0
2156,0.394,34.13,High-Speed,84.53,1
1248,0.164,44.83,Standard,61.65,0
2060,0.414,48.46,High-Speed,89.74,1
909,0.365,32.95,High-Speed,61.8,0
2743,0.469,51.49,Standard,92.75,0
1732,0.355,32.76,High-Speed,79.48,0
1010,0.417,55.53,High-Speed,73.15,0
2767,0.312,41.85,Eco,82.98,0
2947,0.328,33.02,High-Speed,96.26,1
2357,0.422,32.67,Eco,78.04,0
1792,0.467,41.07,Eco,70.22,0
1250,0.405,33.11,Eco,57.21,0
877,0.135,47.01,Standard,50.65,0
2084,0.5,37.36,Standard,78.07,0
1420,0.287,37.7,Standard,67.81,0
1635,0.101,50.22,Standard,68.15,0
2855,0.229,31.4,High-Speed,94.14,1
2731,0.255,30.77,High-Speed,91.06,1
1055,0.384,32.5,High-Speed,67.07,0
1365,0.247,48.81,High-Speed,77.36,0
1649,0.403,42.89,High-Speed,85.25,0
2131,0.35,30.55,High-Speed,82.28,0
2759,0.559,31.88,High-Speed,95.03,1
2343,0.392,39.57,Standard,77.83,0
1509,0.462,58.56,Standard,78.2,0
2983,0.26,27.61,Standard,83.06,0
2251,0.46,43.8,High-Speed,90.78,1
1882,0.291,31.26,High-Speed,78.51,0
2783,0.441,27.63,Eco,83.59,0
1809,0.407,51.2,Standard,73.76,0
2022,0.213,38.81,Eco,67.69,0
2019,0.53,45.65,Standard,81.07,0
1649,0.247,49.84,High-Speed,75.95,0
2802,0.513,37.72,Standard,94.71,0
2765,0.418,38.9,Standard,85.93,0
1920,0.316,43.43,Standard,74.3,0
1299,0.291,38.67,High-Speed,70.46,0
2355,0.137,43.67,Standard,73.28,0
2213,0.235,26.5,Eco,59.29,0
1989,0.214,34.33,Eco,69.78,0
1978,0.297,41.42,High-Speed,82.86,0
1123,0.363,39.38,Standard,58.09,0
2611,0.495,54.46,High-Speed,96.28,1
1850,0.248,37.76,High-Speed,74.16,0
2762,0.401,34.17,Eco,86.62,0
1627,0.469,41.7,High-Speed,83.89,0
1910,0.461,35.49,High-Speed,79.92,0
1912,0.358,46.89,Eco,71.8,0
1247,0.192,33.58,High-Speed,64.72,0
1780,0.342,55.78,Eco,68.4,0
1007,0.401,51.91,High-Speed,80.71,0
2975,0.31,43.93,Eco,86.66,0
1753,0.37,39.21,Eco,67.54,0
1210,0.097,45.46,Standard,59.14,0
2152,0.328,56.37,High-Speed,89.0,1
2734,0.31,55.93,Eco,83.64,0
1363,0.295,38.82,Eco,60.87,0
1446,0.371,29.66,Standard,61.23,0
2748,0.289,39.38,Standard,85.47,0
1616,0.392,25.79,Standard,67.55,0
2115,0.375,51.08,Standard,82.86,0
1042,0.46,43.73,Eco,63.66,0
1751,0.402,39.22,High-Speed,86.82,0
952,0.439,44.59,Eco,54.26,0
2511,0.221,42.34,Eco,75.56,0
948,0.289,41.13,Standard,62.66,0
2829,0.42,30.87,Eco,79.95,0
1985,0.27,36.9,Eco,65.04,0
837,0.302,29.96,Standard,51.71,0
1239,0.294,16.56,Standard,58.72,0
1965,0.459,36.99,Standard,75.8,0
2947,0.233,53.57,Standard,97.15,0
1349,0.366,48.19,High-Speed,77.19,0
2717,0.216,36.71,Standard,81.23,0
1589,0.305,38.25,Eco,61.49,0
2154,0.342,40.42,Eco,68.85,0
2679,0.278,29.72,High-Speed,89.96,1
1853,0.139,49.23,High-Speed,83.12,0
1562,0.32,19.17,Eco,53.01,0
2180,0.344,31.92,Standard,72.52,0
1591,0.503,45.32,Eco,66.79,0
2460,0.19,37.38,Standard,75.96,0
2910,0.4,35.72,Standard,89.47,0
1155,0.544,46.52,Standard,69.39,0
1190,0.332,37.15,Eco,59.55,0
1375,0.287,40.36,Standard,64.1,0
2125,0.3,29.02,Eco,66.95,0
827,0.344,44.0,Standard,57.0,0
2371,0.472,32.99,Eco,80.7,0
2629,0.175,43.48,Standard,82.63,0
2150,0.27,43.4,Standard,80.2,0
846,0.128,44.02,Standard,46.02,0
2272,0.253,53.03,High-Speed,87.87,1
1767,0.233,38.42,Eco,68.9,0
1284,0.167,31.59,Standard,60.56,0
2056,0.536,39.17,Eco,71.19,0
2460,0.56,52.76,High-Speed,102.04,1
2858,0.269,39.61,High-Speed,92.96,1
2073,0.383,51.61,High-Speed,91.95,1
1280,0.242,51.01,High-Speed,74.59,0
2008,0.419,51.73,Standard,77.95,0
1704,0.346,35.75,Eco,58.81,0
1347,0.385,60.09,Standard,68.35,0
1427,0.347,45.12,Standard,68.5,0
2330,0.339,29.61,Standard,75.97,0
2728,0.274,22.48,High-Speed,88.35,0
1694,0.446,40.41,Eco,68.41,0
1135,0.457,41.79,High-Speed,75.88,0
2629,0.32,50.5,High-Speed,96.6,1
2281,0.369,29.84,Eco,71.24,0
1259,0.267,34.89,Eco,52.07,0
2870,0.243,57.0,Eco,90.92,0
2998,0.542,30.22,Eco,85.82,0
1473,0.221,34.43,Standard,58.64,0
2931,0.474,36.83,Standard,93.75,0
1276,0.41,58.43,High-Speed,76.32,1
1641,0.476,49.17,High-Speed,81.26,1
2802,0.451,42.69,Eco,84.7,0
2890,0.268,34.25,Standard,89.9,0
1027,0.35,46.26,Standard,60.29,0
1340,0.272,48.66,High-Speed,70.32,0
2501,0.308,40.27,Standard,81.66,0
1036,0.332,43.17,High-Speed,71.19,0
2693,0.423,32.11,High-Speed,90.96,1
2062,0.469,47.16,High-Speed,85.4,1
889,0.385,24.17,Standard,52.77,0
1842,0.54,32.42,Eco,66.6,0
1692,0.426,27.66,High-Speed,73.2,0
1099,0.41,34.93,Eco,55.0,0
2535,0.424,43.37,Standard,86.77,0
1061,0.316,42.96,High-Speed,68.63,0
1046,0.396,36.02,Eco,54.45,0
2733,0.251,39.72,Eco,75.72,0
1975,0.239,42.07,Standard,73.07,0
1537,0.428,36.55,Eco,64.6,0
2521,0.405,43.56,Standard,82.89,0
2366,0.365,42.91,Standard,81.8,0
2346,0.141,41.28,Standard,81.86,0
1128,0.314,34.18,High-Speed,67.56,0
1344,0.381,49.54,High-Speed,73.73,0
2224,0.423,44.72,Eco,76.4,0
1531,0.384,48.24,High-Speed,82.48,0
2409,0.236,46.56,High-Speed,88.46,1
1321,0.357,40.59,High-Speed,72.53,0
1712,0.469,39.33,Eco,64.78,0
893,0.311,41.43,Standard,61.43,0
2696,0.41,33.2,High-Speed,99.43,1
2537,0.376,50.2,High-Speed,95.08,1
2353,0.403,46.72,Eco,82.71,0
1813,0.456,46.98,Standard,76.44,0
2217,0.293,42.66,Eco,75.44,0
1929,0.328,48.52,Eco,75.9,0
1262,0.258,33.3,Eco,53.28,0
2517,0.381,35.8,High-Speed,93.66,1
864,0.392,40.32,Eco,49.58,0
1644,0.218,42.25,Eco,55.61,0
1213,0.451,38.73,High-Speed,82.69,0
937,0.581,38.55,Standard,63.68,0
999,0.45,53.63,Eco,57.77,0
981,0.171,35.02,Standard,54.75,0
2597,0.4,48.56,Eco,79.78,0
1689,0.118,46.86,Eco,59.54,0
1373,0.148,41.16,High-Speed,71.14,0
1984,0.338,36.34,Eco,67.27,0
2106,0.313,29.22,High-Speed,76.96,0
2113,0.402,42.57,Eco,74.28,0
2036,0.25,38.55,Eco,60.68,0
2935,0.368,51.43,Eco,84.37,0
2493,0.291,42.63,Standard,85.48,0
1927,0.305,34.46,Eco,59.41,0
1517,0.36,56.34,High-Speed,83.12,1
2549,0.348,42.58,High-Speed,91.93,1
2830,0.269,46.59,Eco,83.49,0
2210,0.352,32.2,High-Speed,86.74,0
2361,0.416,35.58,High-Speed,91.05,1
2105,0.3,33.74,High-Speed,78.29,0
2505,0.173,43.77,Standard,73.91,0
1411,0.227,23.4,Standard,55.94,0
2341,0.335,37.39,Eco,70.32,0
2739,0.233,43.71,Eco,77.74,0
1723,0.382,32.92,Standard,69.11,0
1391,0.48,44.69,Standard,69.5,0
1036,0.376,38.07,High-Speed,68.19,0
2490,0.317,38.69,Standard,81.39,0
2970,0.251,31.87,Eco,74.41,0
2390,0.19,30.26,Eco,68.18,0
1844,0.261,44.11,Eco,66.93,0
2152,0.153,45.24,High-Speed,84.63,0
1123,0.251,43.36,Standard,57.89,0
2319,0.36,29.88,Eco,65.36,0
2993,0.312,39.01,High-Speed,95.11,1
1580,0.232,36.8,Eco,60.03,0
1899,0.346,41.46,Standard,71.71,0
961,0.467,30.59,Eco,54.79,0
1570,0.468,43.85,High-Speed,80.18,0
1688,0.297,48.29,Standard,67.79,0
1655,0.253,36.82,Standard,69.59,0
2041,0.388,32.26,Eco,67.29,0
1667,0.289,34.32,Eco,63.89,0
1280,0.213,52.87,High-Speed,76.16,0
2761,0.459,36.3,Eco,81.96,0
1637,0.207,35.8,Standard,65.53,0
1780,0.48,31.14,High-Speed,78.06,0
2117,0.335,28.83,Standard,73.44,0
2359,0.278,38.44,Standard,76.36,0
2985,0.271,39.94,High-Speed,94.88,1
2271,0.313,34.17,Standard,76.52,0
1871,0.515,41.12,Standard,80.38,0
2900,0.211,41.26,Standard,81.99,0
2708,0.202,34.09,Eco,77.88,0
2723,0.445,41.94,Standard,84.15,0
1632,0.33,42.41,Standard,70.22,0
2081,0.166,32.88,Standard,68.32,0
987,0.404,22.43,High-Speed,61.39,0
1706,0.364,46.8,High-Speed,83.49,0
1397,0.408,33.6,Eco,53.87,0
1868,0.311,48.01,High-Speed,87.18,1
2510,0.421,43.43,Standard,86.69,0
1424,0.294,38.96,Eco,64.3,0
2151,0.256,52.92,Eco,73.87,0
2355,0.483,28.75,High-Speed,88.66,1
1806,0.276,28.68,Standard,66.12,0
2182,0.451,33.24,Standard,72.8,0
2801,0.341,39.3,High-Speed,95.9,1
2809,0.445,39.52,Standard,94.63,0
1489,0.372,37.23,High-Speed,69.69,0
2242,0.324,37.31,Eco,74.53,0
1373,0.396,30.57,High-Speed,71.24,0
2800,0.417,52.22,Eco,90.98,0
1040,0.426,40.48,High-Speed,71.61,0
938,0.475,29.34,Eco,51.63,0
998,0.273,43.03,Eco,57.7,0
2489,0.29,20.88,Eco,66.7,0
1747,0.441,44.3,Eco,71.23,0
1418,0.322,29.77,Eco,57.77,0
1695,0.267,57.47,High-Speed,84.8,1
2667,0.292,35.11,Standard,81.07,0
1047,0.326,48.93,High-Speed,71.99,0
2779,0.277,55.12,High-Speed,98.81,1
2798,0.427,35.13,Eco,82.79,0
827,0.381,24.88,High-Speed,65.93,0
2484,0.479,36.82,Eco,75.66,0
868,0.385,40.69,High-Speed,67.99,0
1925,0.369,44.05,High-Speed,88.06,1
1974,0.407,31.6,Eco,71.51,0
2857,0.514,65.22,High-Speed,106.42,1
2563,0.374,23.34,Eco,73.79,0
1238,0.295,55.39,Eco,60.78,0
2947,0.181,36.23,Eco,72.3,0
1787,0.425,23.48,Eco,61.91,0
2956,0.142,37.44,Standard,87.8,0
2251,0.386,33.09,Standard,76.56,0
2425,0.352,43.78,Eco,73.59,0
2328,0.409,18.36,Standard,70.6,0
2680,0.301,45.07,High-Speed,93.82,1
1796,0.209,32.12,High-Speed,73.61,0
1725,0.342,35.37,Standard,67.13,0
1130,0.42,35.86,High-Speed,69.53,0
929,0.567,28.61,Eco,49.0,0
2460,0.428,34.57,Standard,80.47,0
2344,0.272,37.92,High-Speed,89.92,1
2749,0.43,46.9,Eco,81.5,0
838,0.235,17.29,High-Speed,50.93,0
1501,0.446,44.14,Eco,65.66,0
2847,0.348,34.49,Standard,85.82,0
2156,0.427,27.07,High-Speed,82.74,0
1190,0.443,36.68,High-Speed,73.7,0
974,0.631,39.17,Eco,62.23,0
1665,0.276,41.45,High-Speed,77.84,0
2747,0.369,31.84,Standard,83.79,0
990,0.496,43.59,Eco,62.57,0
1948,0.326,46.0,High-Speed,84.61,1
934,0.255,42.55,Eco,49.43,0
2088,0.287,41.51,Eco,70.99,0
1648,0.231,48.43,High-Speed,79.58,0
1390,0.28,27.7,High-Speed,66.5,0
2431,0.305,40.91,Eco,74.36,0
2025,0.149,36.89,Eco,62.94,0
1784,0.413,34.41,High-Speed,83.89,0
2393,0.159,50.49,High-Speed,87.39,1
2158,0.436,40.64,Standard,82.94,0
1373,0.311,31.21,High-Speed,73.12,0
1121,0.339,41.77,High-Speed,73.7,0
2216,0.247,44.76,Eco,70.55,0
1200,0.337,40.58,Standard,58.16,0
1750,0.272,50.81,Eco,71.03,0
2195,0.344,41.94,High-Speed,85.42,1
2424,0.486,38.4,Standard,84.57,0
921,0.465,33.78,High-Speed,71.63,0
1919,0.197,53.04,Standard,73.81,0
2809,0.326,24.88,Eco,73.87,0
2257,0.246,35.14,High-Speed,81.65,0
2337,0.446,41.66,Standard,83.79,0
1560,0.24,32.95,High-Speed,75.98,0
2356,0.276,53.25,Eco,77.81,0
2009,0.35,48.56,Eco,77.12,0
1101,0.339,36.89,Eco,54.58,0
1897,0.384,47.13,Eco,71.92,0
2356,0.412,53.11,High-Speed,96.03,1
1431,0.381,27.85,High-Speed,62.24,0
2395,0.389,39.24,Standard,79.8,0
2277,0.374,39.52,Eco,77.7,0
1174,0.359,34.02,Eco,58.16,0
2062,0.328,44.21,Standard,75.38,0
2274,0.285,40.67,Standard,77.54,0
1218,0.398,37.85,Eco,52.85,0
1157,0.307,46.35,Eco,57.68,0
2565,0.325,47.89,Standard,83.62,0
2898,0.196,38.71,Standard,82.4,0
1223,0.253,38.6,Eco,56.58,0
1167,0.349,42.46,Standard,68.65,0
1181,0.316,42.23,High-Speed,68.98,0
2128,0.265,35.32,Standard,71.24,0
850,0.386,58.79,Standard,63.77,0
2494,0.308,39.5,Standard,82.1,0
1146,0.376,50.27,High-Speed,67.42,0
1794,0.111,36.03,High-Speed,75.39,0
2934,0.193,15.94,Eco,71.92,0
2359,0.374,31.28,Eco,69.29,0
1368,0.253,40.88,Standard,61.32,0
2033,0.399,17.16,Standard,64.76,0
2819,0.237,37.95,Eco,76.78,0
1059,0.43,25.13,Eco,51.82,0
2580,0.406,54.85,Standard,89.34,0
2524,0.382,25.57,Standard,70.46,0
2783,0.434,39.96,Eco,87.11,0
2279,0.213,44.16,Standard,82.78,0
1810,0.392,42.21,High-Speed,81.86,0
2830,0.193,50.84,High-Speed,93.78,1
1600,0.4,27.5,Standard,61.46,0
1238,0.494,37.22,Eco,65.17,0
2047,0.342,25.26,Eco,67.04,0
2420,0.291,45.59,Standard,81.89,0
2356,0.196,41.31,Standard,83.35,0
2603,0.399,39.54,Standard,88.06,0
2563,0.371,41.68,High-Speed,89.12,1
1357,0.373,48.28,Standard,66.48,0
2113,0.492,39.27,High-Speed,85.04,1
1622,0.45,37.71,Standard,72.94,0
2086,0.321,39.52,Eco,71.6,0
2431,0.379,24.04,Standard,72.19,0
1993,0.443,38.94,High-Speed,82.97,1
2811,0.214,31.36,High-Speed,81.99,1
1792,0.34,35.21,Standard,66.56,0
2340,0.343,42.91,Standard,87.12,0
2409,0.199,49.28,Standard,83.74,0
1266,0.272,41.63,High-Speed,69.07,0
1618,0.369,52.07,High-Speed,84.14,1
1536,0.401,36.56,High-Speed,71.24,0
910,0.329,49.65,High-Speed,65.15,0
2690,0.244,41.01,High-Speed,87.9,1
1658,0.271,36.61,Standard,62.19,0
1993,0.253,45.63,High-Speed,78.55,0
1083,0.19,34.96,Standard,57.17,0
2845,0.33,36.28,Eco,80.57,0
2040,0.175,43.96,Eco,68.71,0
1834,0.309,48.05,High-Speed,79.07,1
1431,0.463,41.24,High-Speed,76.53,0
2533,0.348,39.14,Standard,86.01,0
1102,0.242,33.9,Standard,59.25,0
2762,0.29,47.2,High-Speed,100.66,1
2441,0.31,45.45,High-Speed,87.08,1
2875,0.425,41.6,High-Speed,99.81,1
2513,0.285,26.71,High-Speed,85.01,0
950,0.144,37.46,Standard,55.66,0
2999,0.369,55.59,High-Speed,107.52,1
1148,0.285,40.22,Eco,55.29,0
1816,0.192,32.48,High-Speed,71.35,0
2254,0.146,40.38,Eco,67.86,0
981,0.183,43.23,High-Speed,66.73,0
2436,0.373,37.41,Standard,82.6,0
2563,0.418,42.46,Eco,78.41,0
843,0.378,49.56,Eco,55.13,0
1859,0.56,35.79,Eco,71.3,0
2891,0.283,41.79,High-Speed,89.93,1
2924,0.295,31.26,High-Speed,92.15,1
1705,0.449,45.17,Standard,67.75,0
2332,0.554,42.36,Standard,83.44,0
2696,0.366,41.41,High-Speed,92.15,1
2849,0.37,35.14,Eco,79.83,0
2212,0.281,28.54,Eco,67.06,0
2777,0.409,44.12,Eco,86.99,0
2010,0.382,35.74,Standard,76.51,0
1151,0.214,32.79,Eco,47.84,0
1380,0.458,47.54,Standard,72.63,0
2077,0.457,32.97,Standard,76.81,0
2665,0.337,46.78,Eco,81.77,0
2934,0.312,44.33,Standard,92.17,0
2226,0.283,39.51,Standard,73.09,0
1199,0.1,41.6,Standard,58.95,0
2653,0.376,24.4,Standard,77.9,0
1075,0.128,50.96,Standard,56.45,0
983,0.476,47.57,High-Speed,70.97,0
1271,0.237,42.8,Eco,54.58,0
2205,0.36,36.14,High-Speed,79.19,1
1247,0.127,41.81,High-Speed,64.92,0
1473,0.295,45.57,High-Speed,79.22,0
1799,0.323,37.28,High-Speed,79.47,0
1514,0.214,41.79,High-Speed,74.43,0
1455,0.418,24.51,Standard,59.79,0
2546,0.262,40.8,Standard,82.5,0
1749,0.5,36.04,Standard,71.66,0
1555,0.465,42.37,Eco,70.7,0
2570,0.379,30.74,Standard,76.32,0
919,0.195,45.3,High-Speed,68.35,0
1608,0.535,46.74,Standard,79.68,0
2559,0.292,30.75,Standard,80.54,0
818,0.392,40.86,High-Speed,67.58,0
1679,0.382,50.27,Eco,73.73,0
1940,0.404,46.77,High-Speed,87.45,1
1056,0.304,46.05,High-Speed,65.68,0
1216,0.455,30.44,High-Speed,70.65,0
1565,0.265,44.43,Standard,67.77,0
2135,0.191,43.37,Eco,67.41,0
2674,0.438,40.01,Eco,83.25,0
1874,0.254,35.29,High-Speed,75.2,0
2804,0.436,53.42,High-Speed,99.91,1
2083,0.458,22.64,High-Speed,76.17,0
