Machine_Type,Temperature_C,Vibration_mm_s,RPM,Pressure_bar,Humidity_percent,Power_kW,Status
CNC,39.29,2.28,3721,6.04,57.39,4.36,Normal
CNC,44.69,1.67,2865,5.53,32.39,5.03,Normal
CNC,40.38,3.2,3237,5.02,63.98,5.3,Normal
CNC,48.14,3.85,3423,5.14,39.13,3.49,Normal
CNC,40.51,2.97,2643,4.73,42.49,2.82,Normal
CNC,43.6,4.45,3210,5.59,46.59,3.84,Normal
CNC,44.32,1.64,3204,6.0,63.05,3.74,Normal
CNC,46.65,1.38,3374,5.37,57.25,3.35,Normal
CNC,57.45,2.89,3739,6.54,33.33,4.66,Normal
CNC,47.8,2.29,3016,5.28,65.41,4.28,Normal
CNC,52.61,4.28,3129,5.66,57.68,3.66,Normal
CNC,51.98,3.29,3145,5.55,31.74,4.71,Normal
CNC,54.5,2.25,3353,6.66,45.96,3.78,Normal
CNC,47.76,2.93,2556,5.36,35.24,4.35,Normal
CNC,50.63,3.11,3542,5.9,44.17,3.43,Normal
CNC,65.26,6.41,5000,10.95,50.86,8.09,Anomaly
CNC,68.32,5.87,4965,8.85,45.77,8.0,Anomaly
CNC,46.68,3.03,2861,5.72,38.18,3.81,Normal
CNC,39.67,2.87,3326,5.68,60.14,3.49,Normal
CNC,58.77,2.84,3160,5.61,61.24,4.36,Normal
CNC,51.4,1.93,3296,5.35,47.61,4.37,Normal
CNC,49.01,3.06,3652,5.9,62.59,3.8,Normal
CNC,45.57,2.91,3662,6.07,46.97,4.06,Normal
CNC,38.81,2.63,3108,5.72,62.32,4.88,Normal
CNC,82.41,7.11,3823,9.18,56.74,6.07,Anomaly
CNC,89.59,6.63,4545,8.61,34.87,8.31,Anomaly
CNC,46.16,2.42,2927,5.9,31.96,4.71,Normal
CNC,52.63,0.94,3401,5.55,49.24,4.88,Normal
CNC,50.34,2.48,3099,5.04,50.09,4.16,Normal
CNC,39.69,2.65,3102,5.77,69.22,4.14,Normal
CNC,46.82,2.79,2963,5.65,43.67,4.47,Normal
CNC,44.73,2.39,3382,6.84,46.42,3.97,Normal
CNC,45.49,2.98,3204,4.75,38.56,3.88,Normal
CNC,61.76,6.09,3990,7.41,44.49,7.57,Anomaly
CNC,80.54,4.36,4664,7.66,31.05,7.62,Anomaly
CNC,36.47,3.07,3407,5.75,64.92,4.47,Normal
CNC,43.62,2.83,3177,5.73,51.6,4.04,Normal
CNC,50.35,3.07,2763,5.04,46.75,4.71,Normal
CNC,45.84,3.29,3223,6.18,49.24,4.12,Normal
CNC,45.0,1.59,2820,5.94,66.17,4.47,Normal
CNC,41.69,3.53,2847,4.84,39.69,3.86,Normal
CNC,52.97,2.62,3409,4.97,38.24,4.61,Normal
CNC,49.58,2.56,3367,6.32,39.8,4.16,Normal
CNC,80.25,6.05,4277,9.0,44.57,6.07,Anomaly
CNC,48.48,2.09,2989,5.26,43.39,4.4,Normal
CNC,54.73,3.19,3278,4.92,59.87,4.42,Normal
CNC,48.17,2.45,3650,5.69,68.15,3.83,Normal
CNC,38.04,3.31,3516,5.71,62.36,3.48,Normal
CNC,47.82,2.69,2671,5.76,46.85,3.6,Normal
CNC,41.53,2.69,3557,5.98,42.57,4.12,Normal
CNC,28.08,2.23,3320,5.71,54.48,3.44,Normal
CNC,53.19,2.5,2885,5.82,41.88,4.76,Normal
CNC,41.67,3.49,3722,5.19,33.31,3.45,Normal
CNC,41.49,2.33,2743,5.95,47.67,3.79,Normal
CNC,50.65,2.57,3256,4.73,56.47,4.05,Normal
CNC,51.95,2.76,3439,6.25,64.36,3.11,Normal
CNC,49.44,2.3,3160,5.71,58.19,3.51,Normal
CNC,48.57,2.88,3090,5.66,55.94,4.13,Normal
CNC,42.88,2.9,3071,4.72,35.24,4.64,Normal
CNC,41.39,2.69,3432,5.32,45.69,4.54,Normal
CNC,28.43,2.71,3357,5.65,64.31,4.9,Normal
CNC,45.49,2.07,2816,5.03,67.31,5.24,Normal
CNC,59.11,2.49,3148,5.65,41.37,3.76,Normal
CNC,42.37,2.43,3207,5.82,32.36,4.28,Normal
CNC,39.15,2.57,3700,6.08,50.99,3.62,Normal
CNC,49.73,2.18,3609,6.11,31.53,4.81,Normal
CNC,46.22,3.56,3212,5.01,62.68,3.98,Normal
CNC,77.88,4.25,4842,9.54,31.5,5.66,Anomaly
CNC,51.37,2.85,3039,5.81,49.68,4.38,Normal
CNC,42.44,1.99,2907,5.76,65.36,4.44,Normal
CNC,45.35,2.89,3386,6.29,58.63,4.97,Normal
CNC,82.43,8.75,4540,8.58,47.4,5.36,Anomaly
CNC,45.43,2.06,3788,5.41,31.28,3.97,Normal
CNC,45.28,2.74,3516,5.36,38.92,5.29,Normal
CNC,46.81,2.3,3166,4.97,67.67,3.97,Normal
CNC,40.16,2.98,3687,6.77,55.9,3.64,Normal
CNC,44.18,1.88,2959,5.01,57.4,4.17,Normal
CNC,48.64,2.71,3209,6.2,65.02,3.9,Normal
CNC,36.73,2.23,3065,5.49,62.41,4.8,Normal
CNC,82.08,8.98,5340,8.87,53.4,7.0,Anomaly
CNC,42.73,2.98,2579,5.79,45.29,4.79,Normal
CNC,41.93,3.63,3138,5.78,48.67,3.79,Normal
CNC,39.6,2.71,2999,5.28,60.97,3.14,Normal
CNC,43.76,3.17,2803,6.41,30.6,3.73,Normal
CNC,45.59,2.67,3200,5.92,54.97,4.42,Normal
CNC,37.0,2.48,3236,5.2,31.09,4.5,Normal
CNC,46.96,3.0,3289,5.36,68.85,3.69,Normal
CNC,51.25,2.82,2968,5.16,43.54,4.6,Normal
CNC,46.89,3.14,2997,5.33,54.75,4.98,Normal
CNC,45.83,3.82,3365,6.37,67.88,4.24,Normal
CNC,40.13,3.37,2754,5.34,60.18,3.56,Normal
CNC,86.57,7.53,5208,8.55,55.0,7.88,Anomaly
CNC,37.31,2.92,3193,5.82,38.94,4.47,Normal
CNC,46.1,2.99,3286,5.02,35.1,3.79,Normal
CNC,38.9,2.83,3155,5.56,46.8,4.07,Normal
CNC,46.6,3.25,2893,4.58,34.01,4.12,Normal
CNC,38.11,1.67,2922,4.87,63.91,4.05,Normal
CNC,45.2,1.62,3310,6.46,47.37,4.76,Normal
CNC,35.87,2.74,3456,5.48,37.85,3.85,Normal
CNC,43.67,2.4,3271,5.44,66.73,5.01,Normal
CNC,45.03,3.29,3588,5.0,37.85,3.79,Normal
CNC,40.49,3.96,3186,7.3,53.37,3.83,Normal
CNC,38.03,3.33,2529,5.24,33.56,4.48,Normal
CNC,48.62,4.51,3408,6.83,64.85,3.65,Normal
CNC,52.02,3.71,2955,5.94,39.33,3.91,Normal
CNC,99.98,8.61,3745,7.58,60.04,5.83,Anomaly
CNC,41.76,3.01,4041,6.27,44.76,4.41,Normal
CNC,46.5,3.4,3569,4.61,37.81,4.58,Normal
CNC,42.85,3.54,2980,5.28,67.28,4.37,Normal
CNC,41.5,2.51,3371,6.52,48.33,4.72,Normal
CNC,48.84,3.02,3239,6.78,30.87,2.66,Normal
CNC,44.48,1.99,3121,5.72,31.6,3.69,Normal
CNC,36.32,1.75,3170,5.44,48.35,4.71,Normal
CNC,69.84,7.61,4145,9.68,44.07,7.54,Anomaly
CNC,42.43,3.69,3372,6.76,34.65,3.86,Normal
CNC,43.7,2.92,3195,5.01,44.02,3.84,Normal
CNC,42.2,3.83,2974,4.18,43.84,4.12,Normal
CNC,26.88,3.14,2445,4.99,50.34,4.52,Normal
CNC,45.09,2.54,3041,4.94,49.33,3.94,Normal
CNC,84.69,8.22,3802,7.78,41.63,6.22,Anomaly
CNC,44.54,2.2,3218,5.39,40.58,4.39,Normal
CNC,39.08,2.46,3129,4.69,55.6,4.18,Normal
CNC,44.73,2.72,4022,5.55,43.75,4.35,Normal
CNC,40.4,2.93,3318,5.62,45.61,4.19,Normal
CNC,46.98,3.5,2867,4.51,32.61,4.03,Normal
CNC,50.21,2.44,2913,6.9,31.71,4.61,Normal
CNC,41.55,2.5,3797,6.01,41.77,4.74,Normal
CNC,37.64,3.12,2955,6.58,31.77,3.82,Normal
CNC,43.94,1.11,3265,6.23,41.47,3.96,Normal
CNC,46.41,3.8,3289,5.71,69.86,4.33,Normal
CNC,44.49,2.86,3368,5.21,32.66,4.28,Normal
CNC,40.43,2.8,3397,4.83,47.6,4.46,Normal
CNC,68.27,7.03,4561,8.49,40.64,6.83,Anomaly
CNC,40.93,1.59,3386,5.13,35.06,4.13,Normal
CNC,75.95,6.09,4877,9.46,64.44,6.72,Anomaly
CNC,38.31,1.97,3260,6.71,44.94,3.82,Normal
CNC,91.21,7.74,4097,9.32,46.82,5.94,Anomaly
CNC,57.67,7.17,3288,9.36,46.2,8.34,Anomaly
CNC,47.06,2.85,3316,6.29,66.75,4.55,Normal
CNC,64.68,7.24,4871,8.56,67.58,6.99,Anomaly
CNC,72.33,8.42,4670,9.27,58.55,6.71,Anomaly
CNC,52.02,2.52,3198,6.89,69.09,4.18,Normal
CNC,44.08,2.72,3518,5.52,59.15,4.74,Normal
CNC,64.84,6.03,5230,9.3,50.22,6.37,Anomaly
CNC,51.1,4.01,3427,5.24,69.09,4.59,Normal
CNC,70.22,6.84,4711,9.61,61.04,6.78,Anomaly
CNC,48.68,3.1,3150,4.35,43.43,3.23,Normal
CNC,42.8,3.2,3318,6.08,43.31,4.52,Normal
CNC,37.16,3.16,3391,5.52,50.8,3.8,Normal
CNC,52.01,2.98,3751,5.73,45.2,3.89,Normal
CNC,71.84,6.6,4011,9.05,53.92,7.43,Anomaly
CNC,40.53,2.09,3279,6.09,47.11,4.19,Normal
CNC,46.06,3.28,3298,6.83,69.97,4.39,Normal
CNC,47.04,4.09,2548,5.76,41.08,3.6,Normal
CNC,41.17,2.64,3148,5.38,40.46,4.74,Normal
CNC,43.7,2.25,3370,6.6,37.22,4.57,Normal
CNC,50.79,3.26,3170,5.94,47.48,3.62,Normal
CNC,45.95,3.58,3033,6.18,34.95,4.66,Normal
CNC,44.55,3.29,3153,5.82,32.36,5.18,Normal
CNC,76.87,7.63,4421,9.19,51.47,7.11,Anomaly
CNC,41.6,2.24,3216,5.61,33.21,4.32,Normal
CNC,50.41,2.14,3348,4.85,52.99,3.75,Normal
CNC,50.27,3.28,3025,6.28,38.52,3.82,Normal
CNC,40.3,2.94,3534,5.68,32.95,3.47,Normal
CNC,46.84,2.55,3253,5.31,35.84,4.41,Normal
CNC,46.0,2.12,3232,6.22,43.92,5.12,Normal
CNC,41.62,3.61,3079,5.89,63.25,4.14,Normal
CNC,51.13,3.32,3384,6.02,58.32,4.81,Normal
CNC,37.97,2.73,3652,5.8,63.18,3.66,Normal
CNC,46.03,2.83,3535,5.37,63.13,4.09,Normal
CNC,62.06,5.59,4447,9.66,51.52,7.11,Anomaly
CNC,51.43,1.56,3177,6.72,55.02,4.07,Normal
CNC,48.84,2.2,3723,5.16,67.32,4.34,Normal
CNC,79.8,7.97,5011,8.83,61.06,6.33,Anomaly
CNC,42.8,3.5,2744,7.69,69.99,4.03,Normal
CNC,39.36,4.46,2695,6.07,59.13,3.39,Normal
CNC,66.1,6.19,4518,8.82,31.25,8.5,Anomaly
CNC,64.29,8.87,3950,7.66,35.32,7.27,Anomaly
CNC,41.53,1.32,3237,7.05,38.57,3.89,Normal
CNC,44.43,1.96,3343,5.48,54.61,3.65,Normal
CNC,51.57,2.86,3210,5.82,40.77,3.79,Normal
CNC,54.36,2.89,3055,5.51,69.15,4.56,Normal
CNC,41.15,2.21,3327,5.07,53.02,4.32,Normal
CNC,38.27,3.3,3032,5.55,43.96,4.56,Normal
CNC,39.2,2.59,3248,5.34,59.16,3.91,Normal
CNC,65.86,8.72,4612,8.08,38.25,5.72,Anomaly
CNC,50.44,3.5,3170,5.0,55.44,4.75,Normal
CNC,50.26,2.52,3410,6.35,64.38,3.18,Normal
CNC,39.11,3.29,2925,5.58,57.73,3.9,Normal
CNC,47.22,3.35,3631,5.58,56.67,4.6,Normal
CNC,45.69,2.06,3063,7.15,66.96,4.68,Normal
CNC,47.81,1.5,2749,5.49,30.39,4.1,Normal
CNC,50.17,2.16,3344,5.29,34.71,4.05,Normal
CNC,55.31,2.64,3413,6.28,32.16,4.63,Normal
CNC,84.46,7.61,3684,9.42,46.53,7.46,Anomaly
CNC,39.91,2.48,3382,6.57,35.28,4.26,Normal
CNC,47.91,3.23,2902,6.19,46.81,4.94,Normal
CNC,46.85,1.46,3340,6.4,39.61,4.05,Normal
CNC,58.83,3.87,3371,6.48,48.7,3.79,Normal
CNC,47.37,2.43,2316,5.96,35.09,3.38,Normal
CNC,72.56,7.75,4915,7.13,55.6,7.2,Anomaly
CNC,52.29,2.03,2779,7.14,42.47,4.52,Normal
CNC,41.74,2.22,2834,6.46,51.37,3.45,Normal
CNC,41.55,2.93,2720,6.06,63.01,3.41,Normal
CNC,52.3,2.51,3059,6.25,56.86,4.19,Normal
CNC,51.26,3.22,3354,5.97,65.68,4.6,Normal
CNC,48.67,1.7,3432,5.0,62.98,4.18,Normal
CNC,84.57,8.36,3994,8.62,46.58,6.94,Anomaly
CNC,41.58,3.85,2580,6.03,50.93,3.8,Normal
CNC,42.74,2.44,3322,5.19,67.11,3.81,Normal
CNC,43.97,1.92,2872,6.01,40.35,3.7,Normal
CNC,47.71,1.87,3030,6.33,68.98,4.7,Normal
CNC,74.22,7.11,4881,7.95,66.85,6.13,Anomaly
CNC,84.3,6.1,4005,8.6,61.49,6.51,Anomaly
CNC,38.26,2.81,3716,6.65,49.29,4.67,Normal
CNC,53.53,3.49,2584,5.88,64.8,4.49,Normal
CNC,44.42,3.61,3021,6.22,58.04,4.86,Normal
CNC,48.38,2.13,3456,5.22,31.91,4.5,Normal
CNC,42.59,3.06,3026,6.42,66.55,5.17,Normal
CNC,53.11,2.65,3511,5.14,58.49,4.47,Normal
CNC,56.35,2.15,3104,5.82,44.06,3.78,Normal
CNC,43.97,3.26,3046,5.23,36.91,3.87,Normal
CNC,56.13,3.11,2973,4.85,66.12,4.05,Normal
CNC,49.27,2.8,3080,5.69,54.66,4.17,Normal
CNC,50.12,2.29,2601,6.11,41.66,4.7,Normal
CNC,77.32,6.96,4376,8.79,59.76,6.7,Anomaly
CNC,48.77,3.88,3504,6.74,66.08,4.54,Normal
CNC,46.12,3.95,2967,6.78,53.91,4.16,Normal
CNC,41.33,2.53,3818,5.58,33.71,5.03,Normal
CNC,53.77,3.25,2924,7.05,53.82,4.81,Normal
CNC,44.02,2.25,3380,4.75,43.01,3.85,Normal
CNC,67.99,8.43,4319,9.85,39.08,5.38,Anomaly
CNC,39.18,3.3,3076,5.06,31.46,3.9,Normal
CNC,47.5,1.93,2838,4.27,41.81,4.6,Normal
CNC,48.25,3.14,3422,6.43,40.99,4.51,Normal
CNC,40.09,2.68,2936,5.54,65.36,4.15,Normal
CNC,49.05,3.59,3227,4.51,53.98,4.76,Normal
CNC,36.74,4.2,3309,5.63,51.61,4.07,Normal
CNC,39.68,3.41,2725,5.71,33.32,5.14,Normal
CNC,55.72,2.5,3382,6.23,55.02,4.17,Normal
CNC,42.63,3.14,4038,5.5,45.08,4.06,Normal
CNC,45.3,3.71,3148,5.98,38.95,4.28,Normal
CNC,80.89,5.66,4897,7.6,59.6,6.31,Anomaly
CNC,46.44,2.29,2949,5.94,55.99,4.63,Normal
CNC,51.78,2.44,3517,5.48,34.67,4.52,Normal
CNC,40.02,3.0,3231,6.03,55.75,4.71,Normal
CNC,44.42,2.36,3089,6.22,43.69,4.86,Normal
CNC,45.7,3.06,3489,5.81,36.99,4.12,Normal
CNC,36.5,1.37,2891,5.35,51.5,4.04,Normal
CNC,38.15,1.64,2925,6.14,34.59,4.66,Normal
CNC,44.98,3.25,3737,5.75,42.68,3.94,Normal
CNC,37.88,2.56,3092,4.76,64.83,4.05,Normal
CNC,50.74,3.19,3480,5.25,65.6,3.46,Normal
CNC,41.37,1.86,3195,5.96,67.9,4.58,Normal
CNC,58.45,4.1,4467,7.26,55.42,8.33,Anomaly
CNC,42.16,2.53,3621,5.17,69.6,3.6,Normal
CNC,43.49,2.91,2646,5.34,41.9,4.59,Normal
CNC,41.02,3.72,3302,5.03,68.91,3.66,Normal
CNC,36.03,2.81,3681,5.76,63.11,4.18,Normal
CNC,42.38,3.43,3083,5.89,49.45,5.56,Normal
CNC,58.49,1.75,2949,5.48,35.03,3.93,Normal
CNC,50.8,1.66,3001,5.18,53.43,4.87,Normal
CNC,67.21,6.99,4858,8.44,41.82,5.18,Anomaly
CNC,40.17,1.3,2954,4.84,37.67,3.94,Normal
CNC,44.13,2.28,3395,6.12,68.8,3.65,Normal
CNC,45.64,2.11,3223,5.31,66.47,4.02,Normal
CNC,32.5,3.2,3362,5.66,60.86,3.54,Normal
CNC,55.5,2.31,2974,6.19,60.14,3.48,Normal
CNC,74.89,7.57,4038,7.69,37.11,5.03,Anomaly
CNC,70.44,6.07,4508,7.83,69.7,7.95,Anomaly
CNC,85.94,6.38,4767,9.59,64.92,7.29,Anomaly
CNC,49.7,3.37,2778,5.44,64.23,4.11,Normal
CNC,25.46,2.55,3328,6.02,49.02,2.99,Normal
CNC,53.31,2.41,2769,6.41,61.35,4.83,Normal
CNC,46.18,1.6,2987,6.15,35.46,4.6,Normal
CNC,48.87,2.45,3514,5.71,61.28,3.99,Normal
CNC,83.26,6.47,4317,7.69,58.03,5.64,Anomaly
CNC,46.3,3.47,3306,6.23,35.08,3.95,Normal
CNC,45.63,3.32,3102,6.1,49.5,4.65,Normal
CNC,49.32,2.63,3064,5.75,65.7,4.13,Normal
CNC,109.78,6.42,4967,8.09,48.85,5.64,Anomaly
CNC,78.8,8.65,4008,6.44,56.72,5.92,Anomaly
CNC,59.83,2.91,3573,6.69,58.54,4.04,Normal
CNC,74.13,9.15,4380,10.02,69.14,7.98,Anomaly
CNC,44.06,2.68,3111,5.72,44.98,3.92,Normal
CNC,36.36,2.1,3480,5.14,63.92,4.22,Normal
CNC,58.55,3.34,3366,5.53,41.53,4.5,Normal
CNC,45.92,2.94,2936,5.94,56.88,4.01,Normal
CNC,50.73,4.17,3446,5.2,45.85,4.49,Normal
CNC,42.61,3.35,3300,7.03,53.87,3.91,Normal
CNC,70.45,7.16,4010,8.81,61.43,8.16,Anomaly
CNC,49.46,4.14,2558,5.52,43.07,4.54,Normal
CNC,64.5,7.8,4663,9.85,49.41,8.68,Anomaly
CNC,48.98,1.91,3098,5.44,65.79,4.27,Normal
CNC,81.07,7.55,5516,6.93,40.89,7.16,Anomaly
CNC,49.93,3.44,3485,6.21,41.47,4.37,Normal
CNC,49.11,1.84,2847,6.85,66.71,4.19,Normal
CNC,49.47,3.3,2886,5.33,38.86,3.71,Normal
CNC,50.2,2.7,2678,6.49,63.45,3.45,Normal
CNC,86.73,6.78,4436,8.4,69.79,7.38,Anomaly
CNC,82.04,6.62,4456,11.08,43.32,7.2,Anomaly
CNC,41.89,4.08,3588,5.48,53.81,4.09,Normal
CNC,56.24,3.79,3151,5.84,35.42,4.47,Normal
CNC,37.04,3.64,3873,6.16,35.16,3.94,Normal
CNC,45.32,2.48,3281,5.6,31.22,3.98,Normal
CNC,43.19,3.32,3290,5.71,36.52,3.89,Normal
CNC,42.02,1.78,3633,5.2,39.76,3.95,Normal
CNC,54.45,2.9,3555,6.27,44.24,3.85,Normal
CNC,45.63,2.76,3662,5.54,53.29,4.47,Normal
CNC,37.55,3.34,3372,6.29,59.81,4.5,Normal
CNC,68.4,7.7,3901,9.16,35.66,5.52,Anomaly
CNC,51.95,3.32,3488,6.27,30.9,3.81,Normal
CNC,50.4,2.44,3177,6.76,39.39,3.81,Normal
CNC,44.69,4.42,2830,5.58,44.41,4.37,Normal
CNC,37.47,2.85,3704,4.86,55.97,4.33,Normal
CNC,92.18,5.79,4727,8.76,56.66,4.49,Anomaly
CNC,48.22,3.99,3545,5.86,53.71,4.38,Normal
CNC,73.08,6.13,4851,8.27,53.99,6.47,Anomaly
CNC,50.53,1.91,2435,5.43,68.89,4.68,Normal
CNC,40.81,3.77,3511,4.95,40.24,4.0,Normal
CNC,41.42,4.31,3343,4.9,48.93,3.81,Normal
CNC,80.83,7.94,4660,8.41,41.71,6.74,Anomaly
CNC,46.77,2.49,3364,6.7,68.66,4.3,Normal
CNC,48.55,1.72,3505,5.99,50.93,3.88,Normal
CNC,48.26,2.7,2784,5.61,36.11,3.81,Normal
CNC,46.4,2.41,3405,5.76,64.56,4.48,Normal
CNC,35.82,3.07,2812,5.49,62.18,4.58,Normal
CNC,52.9,2.56,3845,5.36,62.43,4.61,Normal
CNC,48.14,2.02,3472,5.12,37.68,4.35,Normal
CNC,39.44,2.75,3523,5.48,56.29,4.41,Normal
CNC,82.64,8.15,4130,6.39,66.51,7.19,Anomaly
CNC,38.59,2.22,2692,5.62,49.81,3.47,Normal
CNC,51.49,2.65,3250,5.05,50.09,5.03,Normal
CNC,54.68,2.94,2865,6.3,32.51,3.76,Normal
CNC,43.23,3.44,3076,5.52,52.75,5.26,Normal
CNC,75.17,8.05,4842,8.76,47.51,6.37,Anomaly
CNC,79.47,6.45,3801,9.22,34.09,7.84,Anomaly
CNC,44.19,2.5,2976,5.72,42.42,3.53,Normal
CNC,34.73,3.51,2516,4.99,63.36,4.32,Normal
CNC,40.96,2.76,2843,6.01,53.36,4.09,Normal
CNC,54.8,2.88,2769,6.09,56.93,4.49,Normal
CNC,85.59,6.93,3763,8.37,43.43,6.75,Anomaly
CNC,50.91,1.8,3506,6.7,58.16,4.49,Normal
CNC,34.77,2.12,2914,5.94,60.1,4.53,Normal
CNC,36.59,3.37,3200,6.39,34.65,4.24,Normal
CNC,89.0,4.1,3880,9.34,46.44,7.02,Anomaly
CNC,45.75,1.7,3567,6.2,64.96,4.0,Normal
CNC,77.78,9.04,4869,9.62,63.28,4.91,Anomaly
CNC,48.88,7.06,4354,9.26,67.31,5.36,Anomaly
CNC,53.46,1.71,3204,5.42,68.14,4.62,Normal
CNC,43.11,2.79,3948,5.68,58.09,3.97,Normal
CNC,45.85,3.16,3725,6.2,53.63,4.59,Normal
CNC,44.89,2.65,2967,5.36,50.16,3.02,Normal
CNC,45.76,3.9,3624,5.99,47.81,3.5,Normal
CNC,40.04,3.2,3181,6.42,30.69,4.34,Normal
CNC,46.78,2.9,3264,5.6,54.75,3.99,Normal
CNC,52.89,0.84,3018,5.93,67.73,4.61,Normal
CNC,43.75,2.8,3495,5.55,30.18,4.42,Normal
CNC,37.87,3.1,3199,5.64,63.33,3.68,Normal
CNC,62.4,6.85,4067,8.13,51.82,6.68,Anomaly
CNC,52.03,1.93,2974,5.74,30.93,3.68,Normal
CNC,55.94,1.02,3560,6.22,67.29,4.42,Normal
CNC,41.73,2.09,3240,6.11,43.65,3.78,Normal
CNC,47.59,2.16,3544,5.4,51.98,4.6,Normal
CNC,55.56,1.4,2998,6.18,56.07,4.61,Normal
CNC,44.41,2.86,3344,6.51,37.24,4.77,Normal
CNC,40.04,3.67,3151,5.84,62.96,4.72,Normal
CNC,44.81,3.09,3380,5.79,30.59,4.01,Normal
CNC,42.95,1.73,3363,5.5,30.61,3.92,Normal
CNC,38.98,2.77,3068,5.75,54.26,4.04,Normal
CNC,49.81,4.8,3160,5.51,65.57,3.39,Normal
CNC,39.16,3.25,3004,5.48,62.85,4.74,Normal
CNC,43.31,2.22,3090,6.41,52.58,4.12,Normal
CNC,51.54,3.15,3909,5.33,43.1,3.96,Normal
CNC,41.09,2.06,3475,5.78,36.81,5.11,Normal
CNC,41.49,1.56,2982,6.44,44.32,4.43,Normal
CNC,40.86,1.7,3256,5.23,52.34,3.93,Normal
CNC,45.92,0.57,3302,5.0,54.3,4.96,Normal
CNC,47.65,3.26,3084,6.23,50.65,3.78,Normal
CNC,51.04,2.86,3024,7.89,31.27,4.65,Normal
CNC,54.54,2.44,2983,6.66,46.78,5.0,Normal
CNC,40.63,3.55,3569,6.07,47.33,4.02,Normal
CNC,44.66,3.13,3057,6.55,65.51,3.76,Normal
CNC,83.97,7.32,4486,7.95,57.11,6.45,Anomaly
CNC,47.93,2.82,3029,4.68,39.09,5.12,Normal
CNC,43.02,2.72,3361,5.64,51.65,4.67,Normal
CNC,47.7,3.01,3902,5.23,57.79,4.31,Normal
CNC,61.77,2.82,2976,6.38,54.52,2.92,Normal
CNC,51.51,1.97,3546,5.59,33.85,4.37,Normal
CNC,77.24,8.85,4899,9.17,66.85,7.23,Anomaly
CNC,55.65,2.85,3314,5.8,62.3,4.07,Normal
CNC,35.74,3.96,2955,6.16,64.01,4.17,Normal
CNC,47.47,2.8,3055,6.06,62.54,4.72,Normal
CNC,45.44,4.52,3388,5.7,42.62,3.86,Normal
CNC,49.55,2.57,3339,4.91,42.69,3.74,Normal
CNC,45.48,3.64,3303,6.12,43.78,4.34,Normal
CNC,55.8,2.93,2909,5.93,43.63,5.48,Normal
CNC,44.76,3.61,3283,6.6,35.7,4.64,Normal
CNC,46.91,3.38,3388,6.16,40.42,3.49,Normal
CNC,86.91,7.26,5046,9.01,31.94,7.9,Anomaly
CNC,42.08,3.15,3121,6.16,62.0,5.11,Normal
CNC,39.76,2.83,3605,5.16,68.37,3.87,Normal
CNC,44.96,3.15,3617,4.86,46.35,3.94,Normal
CNC,44.38,2.27,2794,5.68,49.13,4.55,Normal
CNC,40.94,2.64,3126,4.16,49.78,4.49,Normal
CNC,41.96,2.92,2933,6.89,69.53,4.11,Normal
CNC,42.13,3.94,2733,5.34,48.22,3.78,Normal
CNC,43.11,2.54,2675,7.05,53.34,4.02,Normal
CNC,59.33,3.21,2568,6.05,31.1,4.35,Normal
CNC,36.17,2.85,3146,6.39,55.18,4.22,Normal
CNC,52.02,1.53,3609,4.61,68.4,3.83,Normal
CNC,74.52,7.42,5023,7.1,55.03,7.64,Anomaly
CNC,42.31,1.41,3563,6.17,51.19,3.69,Normal
CNC,47.46,3.73,3598,5.72,61.31,4.2,Normal
CNC,44.05,4.06,2708,5.79,59.04,3.62,Normal
CNC,50.26,3.4,2935,6.25,63.99,4.48,Normal
CNC,48.83,1.77,3489,5.4,31.52,4.03,Normal
CNC,40.4,3.63,3023,5.08,41.92,4.85,Normal
CNC,39.93,2.04,2981,6.55,35.54,4.93,Normal
CNC,41.09,3.43,3061,6.03,38.79,3.92,Normal
CNC,83.54,8.42,4792,7.52,33.91,7.32,Anomaly
CNC,76.66,8.23,4118,6.56,45.25,6.37,Anomaly
CNC,52.15,2.0,3221,5.59,60.12,4.03,Normal
CNC,52.76,7.07,3747,7.62,37.8,7.2,Anomaly
CNC,42.69,4.01,2557,5.1,40.23,3.46,Normal
CNC,52.75,3.19,2635,6.88,30.95,4.65,Normal
CNC,49.68,2.91,3227,6.18,45.66,4.05,Normal
CNC,40.81,2.19,3246,7.4,68.35,4.32,Normal
CNC,46.03,3.16,3614,6.44,36.82,4.61,Normal
CNC,40.73,1.68,3028,5.63,60.94,4.49,Normal
CNC,35.97,2.05,3197,5.72,42.25,3.73,Normal
CNC,46.75,2.82,3469,5.7,52.02,4.42,Normal
CNC,46.53,3.33,3202,5.35,67.02,4.94,Normal
CNC,50.09,3.33,2547,5.98,43.92,3.39,Normal
CNC,50.98,1.8,3223,5.79,30.23,4.04,Normal
CNC,49.16,1.32,3175,5.03,43.13,4.8,Normal
CNC,49.28,1.67,2690,5.89,42.75,4.0,Normal
CNC,39.18,2.9,3606,5.76,41.83,4.76,Normal
CNC,60.21,8.08,4101,9.11,56.17,5.78,Anomaly
CNC,45.34,3.21,3378,5.44,65.02,4.57,Normal
CNC,46.63,2.58,3121,6.6,34.86,3.9,Normal
CNC,46.93,3.17,3086,5.51,34.93,3.26,Normal
CNC,98.94,6.32,4352,8.52,30.05,7.26,Anomaly
CNC,46.46,3.64,2995,4.44,45.46,4.39,Normal
CNC,45.98,2.94,3563,5.37,46.15,3.93,Normal
CNC,46.49,2.42,3157,6.11,30.34,4.73,Normal
CNC,40.14,2.71,3441,6.44,68.47,3.87,Normal
CNC,64.26,7.62,5039,9.17,53.03,5.49,Anomaly
CNC,72.01,7.15,4215,8.88,36.92,6.41,Anomaly
CNC,53.24,3.4,3567,5.52,30.49,3.25,Normal
CNC,34.81,2.74,2705,6.07,64.56,4.69,Normal
CNC,56.05,3.15,3304,5.74,43.9,3.94,Normal
CNC,79.27,7.37,4888,9.72,49.88,5.66,Anomaly
CNC,67.76,8.52,5298,7.86,59.23,7.82,Anomaly
CNC,44.87,3.06,3289,5.27,54.19,3.24,Normal
CNC,40.95,3.34,2858,5.84,58.02,3.45,Normal
CNC,71.33,8.03,4042,10.48,60.76,7.38,Anomaly
CNC,44.72,2.85,3501,5.22,65.74,4.27,Normal
CNC,46.86,2.79,2981,6.25,51.49,4.39,Normal
CNC,42.6,3.23,3158,6.23,51.4,3.74,Normal
CNC,45.75,2.12,3182,4.78,42.97,4.29,Normal
CNC,44.43,1.94,3060,5.47,32.23,3.44,Normal
CNC,33.14,2.33,3386,4.86,60.59,3.53,Normal
CNC,45.88,3.07,3007,5.84,33.63,3.88,Normal
CNC,48.17,2.15,3609,5.36,68.9,4.47,Normal
CNC,38.44,2.13,2858,5.99,50.53,3.55,Normal
CNC,43.23,2.53,3327,6.39,47.84,4.62,Normal
CNC,39.09,1.7,3263,5.61,68.57,4.05,Normal
CNC,49.55,3.69,3082,5.63,37.58,4.13,Normal
CNC,46.75,2.46,2953,5.68,51.23,3.54,Normal
CNC,77.94,9.15,3678,9.71,44.12,7.32,Anomaly
CNC,41.5,3.2,3309,6.07,51.11,4.18,Normal
CNC,35.98,3.85,3322,6.7,52.07,3.64,Normal
CNC,47.37,3.42,3512,5.16,68.75,4.39,Normal
CNC,47.52,2.48,3070,5.39,33.47,3.62,Normal
CNC,46.26,2.72,3091,5.37,46.38,4.27,Normal
CNC,47.67,2.33,3314,5.59,50.49,4.79,Normal
CNC,53.92,2.96,3305,5.23,39.68,5.15,Normal
CNC,47.69,2.56,3253,4.93,63.84,4.74,Normal
CNC,55.43,2.84,3200,4.98,36.71,4.34,Normal
CNC,47.92,2.69,3033,5.84,64.71,4.33,Normal
CNC,51.71,2.56,3322,5.36,35.54,3.98,Normal
CNC,94.87,7.48,4674,9.49,58.59,7.68,Anomaly
CNC,39.55,4.37,3505,5.1,33.86,3.42,Normal
CNC,94.99,6.3,4116,8.77,41.7,6.67,Anomaly
CNC,90.71,7.83,4593,9.39,56.54,6.47,Anomaly
CNC,71.8,8.29,4304,9.25,49.57,5.5,Anomaly
CNC,45.55,2.97,3200,6.21,68.67,3.44,Normal
CNC,51.52,3.4,2833,5.21,66.9,4.35,Normal
CNC,38.68,3.29,2378,6.12,61.0,4.53,Normal
CNC,51.83,3.0,3026,6.08,36.6,3.79,Normal
CNC,68.88,5.54,4322,9.18,60.48,6.24,Anomaly
CNC,46.33,4.26,3430,6.26,62.88,3.74,Normal
CNC,46.37,2.93,2983,5.94,39.98,3.54,Normal
CNC,38.1,3.57,3062,4.91,69.75,4.27,Normal
CNC,46.96,1.85,3092,7.08,50.61,4.48,Normal
CNC,79.7,6.35,4370,8.61,39.17,7.98,Anomaly
CNC,48.56,2.87,2781,5.82,39.15,3.8,Normal
CNC,61.64,2.7,2883,6.45,42.7,3.97,Normal
CNC,43.57,0.94,3137,5.54,63.62,5.12,Normal
CNC,55.05,3.32,3342,5.92,53.96,4.25,Normal
CNC,44.8,2.84,2860,6.23,63.5,4.73,Normal
CNC,58.71,5.73,4868,9.57,34.13,4.75,Anomaly
CNC,75.0,6.21,4936,10.74,43.4,6.93,Anomaly
CNC,38.4,3.59,2470,6.15,50.66,5.31,Normal
CNC,36.13,3.29,2629,5.59,41.24,4.67,Normal
CNC,48.87,2.6,3638,6.19,32.63,3.44,Normal
CNC,34.34,2.78,4060,6.52,43.23,4.74,Normal
CNC,43.11,2.08,3922,5.99,62.37,4.4,Normal
CNC,43.44,3.73,3145,5.4,30.54,4.34,Normal
CNC,55.22,3.0,3349,5.29,42.14,4.57,Normal
CNC,46.65,3.44,3283,5.52,43.01,4.07,Normal
CNC,41.58,3.25,3699,5.86,33.13,4.28,Normal
CNC,43.79,2.0,3304,5.76,30.29,3.69,Normal
CNC,55.71,3.76,3441,5.04,60.4,4.46,Normal
CNC,42.9,2.63,3104,6.07,44.8,3.32,Normal
CNC,39.63,3.13,2894,5.76,55.59,3.75,Normal
CNC,36.78,3.49,2856,6.86,45.42,4.09,Normal
CNC,35.7,3.1,2869,5.88,48.64,4.37,Normal
CNC,37.7,2.96,2609,6.41,51.07,4.08,Normal
CNC,47.17,2.56,2806,5.38,42.63,5.2,Normal
CNC,47.56,1.7,3201,5.59,36.05,5.2,Normal
CNC,68.55,7.19,4600,9.43,45.68,6.58,Anomaly
CNC,42.52,4.21,3607,5.46,57.64,4.07,Normal
CNC,49.04,4.07,3047,6.65,37.85,3.31,Normal
CNC,34.51,2.9,3082,5.92,61.78,3.5,Normal
CNC,39.65,3.45,3343,6.12,59.26,3.38,Normal
CNC,71.68,6.71,3940,7.75,36.81,6.0,Anomaly
CNC,40.71,3.85,3906,6.51,66.15,4.05,Normal
CNC,52.45,1.54,3311,6.35,35.86,4.73,Normal
CNC,41.26,2.89,3869,5.39,36.07,5.21,Normal
CNC,47.24,2.6,2862,4.78,37.58,3.94,Normal
CNC,40.64,3.04,3524,5.48,63.82,4.25,Normal
CNC,46.34,3.26,3210,5.28,38.62,4.12,Normal
CNC,53.41,2.46,2867,5.86,50.5,4.4,Normal
CNC,45.86,2.53,3206,4.91,46.53,4.25,Normal
CNC,78.71,8.7,3887,10.41,54.24,6.57,Anomaly
CNC,40.35,2.28,3575,5.89,51.6,4.39,Normal
CNC,87.79,7.34,5029,8.26,45.92,7.13,Anomaly
CNC,80.15,4.65,5221,7.82,56.64,6.48,Anomaly
CNC,48.17,2.68,2853,5.57,33.01,4.73,Normal
CNC,42.67,1.75,3006,6.27,32.79,4.84,Normal
CNC,47.39,2.64,3222,4.86,47.88,3.03,Normal
CNC,45.59,2.54,3366,5.09,60.0,3.66,Normal
CNC,41.13,2.5,3122,6.88,32.64,4.12,Normal
CNC,39.99,3.06,2961,5.71,38.13,3.63,Normal
CNC,74.6,8.5,3825,9.37,55.54,6.93,Anomaly
CNC,49.82,3.6,3606,5.84,36.64,4.37,Normal
CNC,39.04,2.29,3840,4.55,56.92,4.25,Normal
CNC,41.99,2.15,3230,6.45,56.89,4.32,Normal
CNC,45.09,2.01,3567,5.9,53.8,4.8,Normal
CNC,39.27,3.64,3292,5.6,38.98,4.19,Normal
CNC,48.21,2.96,2808,5.37,58.4,4.34,Normal
CNC,42.12,2.64,3603,5.59,36.93,3.81,Normal
CNC,46.5,3.35,3119,6.12,55.76,4.21,Normal
CNC,42.01,3.78,3337,6.45,48.64,4.24,Normal
CNC,72.58,5.35,4881,8.69,49.15,6.08,Anomaly
CNC,44.21,3.13,3098,6.3,54.26,3.74,Normal
CNC,44.86,2.18,3500,5.98,33.91,4.68,Normal
CNC,44.66,4.19,3174,5.97,47.43,3.71,Normal
CNC,48.15,4.0,3136,5.33,66.96,4.15,Normal
CNC,42.6,2.1,3511,5.92,59.55,4.24,Normal
CNC,44.92,1.98,3315,5.01,69.04,3.91,Normal
CNC,46.0,1.87,3547,5.44,34.99,4.11,Normal
CNC,49.54,3.41,3017,5.28,67.16,4.26,Normal
CNC,43.62,2.19,2969,6.18,69.45,4.79,Normal
CNC,45.08,1.98,3599,5.53,62.38,3.64,Normal
CNC,47.72,1.68,2856,4.72,64.04,3.41,Normal
CNC,47.14,3.51,2970,5.42,45.47,4.29,Normal
CNC,65.1,6.62,5404,8.71,67.89,6.19,Anomaly
CNC,65.01,9.29,4049,8.36,44.89,6.54,Anomaly
CNC,44.55,2.16,3067,4.64,69.34,3.74,Normal
CNC,48.36,2.76,3015,6.51,38.28,4.89,Normal
CNC,45.91,6.52,3992,7.71,59.86,4.89,Anomaly
CNC,47.56,3.38,3279,6.57,46.52,4.46,Normal
CNC,45.19,2.71,3773,6.87,31.92,3.77,Normal
CNC,45.38,2.99,2465,4.81,41.97,5.03,Normal
CNC,47.72,3.09,2999,6.44,49.23,4.0,Normal
CNC,71.29,6.76,4352,8.32,58.69,5.76,Anomaly
CNC,40.59,3.32,2614,5.07,62.11,5.1,Normal
CNC,54.55,3.21,3213,5.68,63.17,4.62,Normal
CNC,43.15,2.52,3297,6.21,63.04,4.72,Normal
CNC,49.51,3.42,3207,5.38,52.0,4.65,Normal
CNC,45.81,2.52,2743,4.51,43.6,4.39,Normal
CNC,77.96,6.67,4295,10.44,38.38,6.32,Anomaly
CNC,47.51,3.01,2986,6.21,55.15,4.04,Normal
CNC,35.84,2.96,3528,5.61,68.11,4.72,Normal
CNC,53.25,3.91,3060,6.96,47.82,4.22,Normal
CNC,48.01,2.31,3817,6.23,50.02,4.49,Normal
CNC,71.96,7.2,4959,7.76,64.24,8.06,Anomaly
CNC,35.55,3.58,3192,6.64,47.26,3.08,Normal
CNC,45.16,2.84,3022,6.15,53.23,3.97,Normal
CNC,35.22,3.53,3315,6.57,36.85,4.34,Normal
CNC,51.63,3.06,3343,6.98,60.92,3.89,Normal
CNC,46.11,3.11,3342,5.85,64.95,4.03,Normal
CNC,53.78,1.35,3386,6.26,64.9,3.16,Normal
CNC,43.08,2.3,3384,4.44,31.53,3.35,Normal
CNC,35.76,3.17,3634,5.0,37.76,4.04,Normal
CNC,58.02,2.66,3266,6.21,30.8,4.3,Normal
CNC,42.04,3.0,2692,5.0,35.38,4.45,Normal
CNC,50.42,3.89,3358,5.39,48.3,4.71,Normal
CNC,93.27,7.55,4281,8.97,36.1,6.7,Anomaly
CNC,55.61,1.91,3161,5.56,31.17,4.1,Normal
CNC,73.45,6.97,5450,8.21,36.95,6.57,Anomaly
CNC,49.41,2.78,2832,4.98,41.3,4.14,Normal
CNC,93.37,6.79,5193,9.64,44.38,7.3,Anomaly
CNC,77.6,5.57,3744,8.5,54.68,5.31,Anomaly
CNC,45.71,3.91,3045,5.09,38.57,4.36,Normal
CNC,43.89,3.61,3601,6.19,61.27,4.48,Normal
CNC,51.86,2.65,3377,6.07,52.93,4.71,Normal
CNC,41.6,2.49,3407,5.97,59.57,3.43,Normal
CNC,46.73,3.36,3383,5.83,66.11,4.57,Normal
CNC,36.99,1.99,3386,5.14,62.61,5.06,Normal
CNC,49.08,3.02,3830,6.25,34.85,3.91,Normal
CNC,67.75,5.85,5079,8.46,65.62,8.03,Anomaly
CNC,49.06,3.04,2700,6.58,40.0,4.11,Normal
CNC,44.49,2.64,2766,5.71,37.52,3.65,Normal
CNC,53.71,3.04,2796,4.09,39.47,3.83,Normal
CNC,51.85,3.18,3475,6.27,61.52,4.42,Normal
CNC,37.62,1.79,3426,6.54,38.39,4.12,Normal
CNC,41.13,2.94,3039,7.0,35.07,4.05,Normal
CNC,37.36,2.76,3318,6.17,42.64,3.9,Normal
CNC,54.4,2.29,3076,6.67,34.02,4.11,Normal
CNC,49.45,3.61,3090,7.1,64.93,4.22,Normal
CNC,54.85,6.69,4460,11.09,35.79,5.8,Anomaly
CNC,41.46,3.15,3371,6.45,46.34,4.94,Normal
CNC,46.09,2.11,3153,7.42,42.88,3.95,Normal
CNC,86.83,5.73,3786,9.02,31.36,6.45,Anomaly
CNC,43.56,2.55,3335,5.16,58.49,4.95,Normal
CNC,46.17,3.21,3615,6.24,58.09,5.0,Normal
CNC,48.53,2.78,2766,6.02,43.26,3.39,Normal
CNC,77.81,7.8,4891,7.52,50.87,5.71,Anomaly
CNC,90.05,7.24,4846,9.36,63.38,5.79,Anomaly
CNC,50.96,2.26,2788,5.51,64.94,4.21,Normal
CNC,37.86,2.46,2714,5.74,32.26,3.71,Normal
CNC,42.5,3.06,3270,5.47,34.19,4.11,Normal
CNC,52.16,1.54,3138,6.45,69.49,4.72,Normal
CNC,46.55,1.97,3619,5.85,45.44,4.52,Normal
CNC,39.18,3.61,3486,5.35,62.72,4.51,Normal
CNC,37.84,2.7,3063,5.42,66.97,5.15,Normal
CNC,45.26,2.89,3345,6.47,62.98,5.6,Normal
CNC,46.02,2.65,3342,5.17,56.42,2.98,Normal
CNC,50.52,3.02,3121,5.93,35.73,4.63,Normal
CNC,45.15,3.05,3263,5.81,48.56,5.5,Normal
CNC,37.07,2.69,2878,6.2,61.99,4.18,Normal
CNC,41.16,3.22,3454,6.54,40.89,5.08,Normal
CNC,41.36,2.5,3630,6.07,58.2,5.02,Normal
CNC,42.51,2.22,3536,5.45,57.31,4.73,Normal
CNC,54.9,2.34,2998,5.58,68.57,3.96,Normal
CNC,42.06,4.03,3689,5.65,65.76,3.83,Normal
CNC,84.29,7.41,4510,8.28,48.91,6.28,Anomaly
CNC,46.0,2.41,2561,5.15,48.74,4.3,Normal
CNC,47.8,2.36,3103,5.52,33.78,3.53,Normal
CNC,50.57,2.28,2601,5.54,49.79,3.82,Normal
CNC,46.3,2.27,3339,5.19,31.72,4.86,Normal
CNC,78.06,5.84,4848,7.51,55.83,5.85,Anomaly
CNC,46.24,2.33,2965,5.69,57.6,4.13,Normal
CNC,37.13,2.94,3636,5.52,42.55,4.48,Normal
CNC,92.07,4.71,3514,8.36,50.64,7.26,Anomaly
CNC,40.32,3.74,3721,4.74,37.47,4.45,Normal
CNC,47.71,2.26,2855,6.87,60.9,4.52,Normal
CNC,41.95,3.56,3330,6.64,42.07,3.85,Normal
CNC,51.82,2.28,3442,6.17,37.96,4.36,Normal
CNC,51.29,3.15,2995,5.13,65.6,5.49,Normal
CNC,64.69,6.62,4145,8.81,48.76,5.53,Anomaly
CNC,42.45,2.03,3132,5.15,64.02,4.29,Normal
CNC,45.2,2.37,3569,5.75,62.88,4.44,Normal
CNC,49.31,1.59,3518,6.86,48.23,3.21,Normal
CNC,53.94,2.12,3418,4.62,43.71,4.46,Normal
CNC,48.53,2.31,3159,5.98,45.59,3.97,Normal
CNC,45.45,1.68,3228,6.2,35.33,3.08,Normal
CNC,77.33,4.35,5041,7.69,61.12,6.13,Anomaly
CNC,50.74,2.17,3346,5.32,35.72,4.48,Normal
CNC,42.95,2.23,3331,6.12,59.39,4.35,Normal
CNC,47.06,3.57,3280,5.39,44.33,4.6,Normal
CNC,80.75,9.21,3607,10.57,64.0,7.21,Anomaly
CNC,33.59,2.62,2888,5.41,56.87,3.71,Normal
CNC,56.34,3.41,3286,5.11,40.28,4.17,Normal
CNC,55.39,2.43,3527,6.51,30.87,3.47,Normal
CNC,49.85,3.95,3277,5.39,48.29,3.86,Normal
CNC,51.75,3.44,3113,5.92,38.47,4.36,Normal
CNC,49.83,3.1,3144,6.32,42.42,4.19,Normal
CNC,46.65,2.91,2980,5.12,66.93,4.4,Normal
CNC,46.27,1.69,3583,7.64,67.94,3.21,Normal
CNC,79.88,9.12,4252,7.73,31.88,6.73,Anomaly
CNC,43.21,2.95,3581,6.12,34.95,3.75,Normal
CNC,47.83,2.14,3323,6.76,36.79,4.53,Normal
CNC,84.48,5.8,4671,8.18,35.65,7.81,Anomaly
CNC,41.57,1.91,3608,6.36,52.49,4.33,Normal
CNC,51.74,2.06,2869,5.32,31.15,4.22,Normal
CNC,35.08,2.75,3615,5.99,54.52,3.62,Normal
CNC,50.31,1.16,3603,7.7,41.79,3.93,Normal
CNC,47.3,2.22,3751,6.17,63.26,4.31,Normal
CNC,36.56,3.24,3377,4.89,37.82,3.37,Normal
CNC,46.75,2.82,3376,5.59,54.53,5.24,Normal
CNC,33.46,3.15,3375,6.09,34.2,4.82,Normal
CNC,39.12,3.22,2987,5.78,46.54,4.19,Normal
CNC,37.32,4.28,2862,6.13,52.58,4.01,Normal
CNC,49.86,1.92,3483,6.0,64.27,4.24,Normal
CNC,40.18,3.98,3526,6.13,40.32,4.33,Normal
CNC,39.44,3.26,3043,6.11,30.02,4.25,Normal
CNC,38.73,2.33,2652,6.35,46.89,3.92,Normal
CNC,53.15,4.35,3542,6.12,32.33,4.7,Normal
CNC,71.39,9.94,5887,7.67,56.73,6.66,Anomaly
CNC,40.0,2.38,3239,5.91,44.78,3.95,Normal
CNC,53.65,3.37,3564,6.19,42.14,4.99,Normal
CNC,46.42,2.71,3093,5.43,43.71,3.83,Normal
CNC,53.67,2.13,2865,5.8,38.53,3.97,Normal
CNC,43.12,2.05,3422,5.94,37.01,4.12,Normal
CNC,46.24,3.03,2980,5.83,61.2,3.99,Normal
CNC,73.56,6.82,4703,8.21,31.04,7.1,Anomaly
CNC,32.48,2.86,2958,6.56,56.15,3.49,Normal
CNC,81.84,5.68,3906,8.93,62.02,7.39,Anomaly
CNC,48.08,4.24,3148,5.68,37.32,3.3,Normal
CNC,44.33,2.91,2944,6.33,38.47,3.56,Normal
CNC,40.1,2.0,3050,5.52,51.73,5.2,Normal
CNC,41.55,2.26,2774,5.5,52.81,3.94,Normal
CNC,79.76,8.32,5627,6.89,51.2,6.73,Anomaly
CNC,37.05,3.62,3429,5.25,58.98,3.79,Normal
CNC,47.83,2.99,3359,6.27,50.93,3.67,Normal
CNC,46.75,2.32,2823,5.19,30.13,3.96,Normal
CNC,38.27,3.99,3163,6.44,56.8,3.69,Normal
CNC,33.14,3.0,3463,5.75,64.49,5.03,Normal
CNC,86.84,8.34,4102,8.11,56.63,6.7,Anomaly
CNC,51.61,4.16,2920,5.08,46.41,4.28,Normal
CNC,47.74,4.53,2568,6.08,67.48,3.69,Normal
CNC,44.63,1.14,3270,5.88,48.96,3.32,Normal
CNC,50.83,1.29,3589,4.98,57.25,4.08,Normal
CNC,51.33,2.4,3605,7.14,65.78,4.49,Normal
CNC,41.17,2.85,3383,5.4,64.53,5.0,Normal
CNC,40.17,2.07,3272,5.53,54.65,4.16,Normal
CNC,53.02,3.06,3695,6.02,68.44,4.23,Normal
CNC,38.45,3.12,3367,6.67,49.35,4.31,Normal
CNC,48.06,2.45,2992,5.98,42.6,4.36,Normal
CNC,53.43,3.02,3008,5.9,60.11,3.56,Normal
CNC,52.14,3.68,3260,6.39,63.56,4.18,Normal
CNC,77.56,8.0,4597,10.26,69.12,6.16,Anomaly
CNC,44.2,3.35,3822,6.37,66.96,4.34,Normal
CNC,43.61,2.73,3114,6.66,38.86,4.93,Normal
CNC,47.24,4.11,3394,4.65,45.56,4.25,Normal
CNC,53.63,2.0,2864,6.85,31.51,4.27,Normal
CNC,51.09,3.25,3331,6.75,61.36,4.76,Normal
CNC,42.45,2.28,3758,5.75,46.85,3.55,Normal
CNC,41.12,2.51,3887,5.24,39.69,3.75,Normal
CNC,46.26,2.62,3371,5.79,45.08,4.59,Normal
CNC,38.21,3.82,3502,5.58,58.58,3.72,Normal
CNC,49.42,3.41,3560,5.1,52.12,3.64,Normal
CNC,44.98,2.74,3045,5.82,50.92,3.9,Normal
CNC,37.7,3.44,3130,5.22,61.34,3.52,Normal
CNC,44.08,2.05,3550,4.99,45.06,4.36,Normal
CNC,39.46,2.28,3900,5.93,37.39,4.57,Normal
CNC,82.22,7.63,4567,8.09,52.33,6.15,Anomaly
CNC,51.22,3.13,3368,5.62,56.57,3.35,Normal
CNC,33.36,3.01,3737,5.68,45.41,4.41,Normal
CNC,51.48,3.57,3400,6.37,43.61,4.44,Normal
CNC,34.94,2.19,2713,4.8,55.74,3.9,Normal
CNC,56.74,3.28,3405,5.18,38.98,3.88,Normal
CNC,39.52,2.49,3518,5.04,54.33,3.46,Normal
CNC,72.99,7.87,5068,9.18,45.67,6.53,Anomaly
CNC,43.7,2.81,2892,5.36,44.42,4.55,Normal
CNC,81.67,6.94,4545,7.72,63.21,8.04,Anomaly
CNC,66.81,7.05,4715,9.41,41.35,7.08,Anomaly
CNC,43.53,3.2,3238,6.05,45.35,3.85,Normal
CNC,46.54,3.91,3175,6.36,40.18,4.71,Normal
CNC,35.88,0.62,2902,6.0,44.31,4.29,Normal
CNC,48.83,3.38,3321,6.99,42.34,4.27,Normal
CNC,46.33,2.37,3047,5.91,52.56,3.78,Normal
CNC,43.76,2.49,3633,5.47,59.02,4.03,Normal
CNC,45.81,2.28,3119,5.55,46.78,4.96,Normal
CNC,43.98,2.47,2847,5.74,40.75,4.01,Normal
CNC,89.24,5.87,4911,9.0,46.11,6.71,Anomaly
CNC,48.66,3.24,3320,6.22,46.05,4.77,Normal
CNC,50.46,3.16,3918,6.88,38.96,4.48,Normal
CNC,47.87,3.99,3346,6.8,43.91,2.81,Normal
CNC,34.34,3.61,2926,5.69,58.6,4.41,Normal
CNC,42.57,3.06,3441,5.67,40.46,4.41,Normal
CNC,34.83,2.91,3255,5.72,54.99,4.0,Normal
CNC,43.84,3.29,2894,6.22,39.44,4.0,Normal
CNC,36.45,3.37,3188,6.84,52.52,4.54,Normal
CNC,39.56,3.36,3174,5.5,53.08,4.43,Normal
CNC,43.91,3.39,3164,5.94,66.66,3.76,Normal
CNC,56.99,3.87,3057,5.47,61.29,4.28,Normal
CNC,80.42,8.18,3334,7.59,38.96,6.46,Anomaly
CNC,62.48,4.58,4037,5.98,66.85,7.26,Anomaly
CNC,39.81,2.73,3442,5.97,50.63,4.97,Normal
CNC,50.64,3.51,3356,5.61,62.2,4.41,Normal
CNC,80.73,7.22,3644,9.87,63.52,6.64,Anomaly
CNC,51.43,2.49,3026,5.8,37.44,4.55,Normal
CNC,71.07,6.95,4642,9.59,56.31,5.97,Anomaly
CNC,85.52,7.83,4267,7.64,38.97,6.37,Anomaly
CNC,39.57,2.94,3085,5.25,44.29,3.99,Normal
CNC,55.38,3.5,3024,5.9,68.4,3.06,Normal
CNC,37.7,2.17,3921,5.73,46.73,3.69,Normal
CNC,46.26,1.82,3597,5.1,34.56,4.28,Normal
CNC,50.93,2.21,2530,6.19,50.04,4.79,Normal
CNC,69.59,6.16,3978,7.76,65.15,5.3,Anomaly
CNC,48.25,2.34,2646,5.41,30.13,4.05,Normal
CNC,33.93,3.18,3712,5.89,37.48,3.61,Normal
CNC,42.12,2.07,3708,5.96,50.29,3.9,Normal
CNC,51.96,3.67,2931,5.82,47.48,3.72,Normal
CNC,41.02,1.89,2961,6.96,63.26,3.55,Normal
CNC,83.9,6.54,4653,8.58,63.2,6.64,Anomaly
CNC,48.02,2.06,3091,5.23,59.24,4.23,Normal
CNC,46.06,3.0,2832,5.75,65.0,3.83,Normal
CNC,87.25,7.08,4755,8.57,56.16,6.36,Anomaly
CNC,45.96,2.9,3409,5.11,31.41,4.07,Normal
CNC,44.66,2.5,2703,5.92,34.9,4.45,Normal
CNC,36.05,2.76,3413,5.17,51.06,4.68,Normal
CNC,37.58,2.48,3332,5.88,44.16,3.7,Normal
CNC,44.25,1.44,3179,6.0,65.39,4.71,Normal
CNC,37.53,3.11,2908,5.92,49.17,4.1,Normal
CNC,45.85,1.8,3122,6.55,46.16,4.99,Normal
CNC,66.8,10.01,4533,9.69,65.72,6.83,Anomaly
CNC,39.54,3.5,2751,6.48,59.17,4.49,Normal
CNC,39.83,3.84,3621,6.0,52.23,3.82,Normal
CNC,37.48,3.51,2313,5.5,36.52,3.88,Normal
CNC,43.8,2.58,3326,5.93,43.55,4.42,Normal
CNC,43.33,4.71,3333,6.77,45.57,4.1,Normal
CNC,36.21,3.21,3181,6.7,64.4,5.32,Normal
CNC,36.96,2.03,2756,6.14,48.91,3.88,Normal
CNC,67.62,7.47,3994,10.36,54.65,5.58,Anomaly
CNC,80.81,5.92,3977,11.36,40.1,7.24,Anomaly
CNC,49.86,3.06,3458,5.92,68.32,5.19,Normal
CNC,50.41,2.83,3317,6.11,57.08,4.03,Normal
CNC,52.05,2.21,2825,5.62,50.28,3.86,Normal
CNC,40.24,2.4,3484,6.51,59.39,3.15,Normal
CNC,69.15,4.71,5130,9.07,42.43,5.51,Anomaly
CNC,45.1,2.19,2985,5.44,42.18,3.35,Normal
CNC,34.62,2.58,2837,5.55,68.49,4.29,Normal
CNC,41.47,3.71,2960,5.72,42.86,4.88,Normal
CNC,44.27,2.43,3160,5.57,54.67,4.28,Normal
CNC,40.44,3.63,3303,5.27,54.6,4.43,Normal
CNC,48.92,4.21,3304,5.53,55.77,3.94,Normal
CNC,51.67,3.51,3459,6.4,68.42,4.59,Normal
CNC,42.93,2.6,3177,5.31,56.05,4.86,Normal
CNC,44.67,2.45,3427,6.16,50.86,4.35,Normal
CNC,45.82,2.46,3320,6.79,48.4,4.32,Normal
CNC,44.3,1.53,2948,5.68,35.66,4.37,Normal
CNC,45.78,4.06,3554,6.49,30.82,3.73,Normal
CNC,69.61,7.03,5047,9.41,67.08,6.57,Anomaly
CNC,57.55,3.36,2887,6.55,64.8,4.49,Normal
CNC,51.09,1.82,3355,6.64,50.33,3.99,Normal
CNC,44.79,3.06,3119,4.95,69.58,3.64,Normal
CNC,41.21,1.68,2931,7.19,55.11,3.52,Normal
CNC,83.14,9.63,4362,8.45,36.78,8.67,Anomaly
CNC,47.41,3.44,3044,6.52,39.38,3.99,Normal
CNC,57.83,3.15,3294,5.78,59.63,3.76,Normal
CNC,54.32,2.58,3064,5.27,46.27,4.91,Normal
CNC,43.86,3.86,3482,5.1,58.03,4.23,Normal
CNC,51.72,3.03,2864,5.43,48.2,4.39,Normal
CNC,72.69,6.98,4877,9.36,32.22,7.2,Anomaly
CNC,47.86,2.71,2718,5.44,34.37,4.79,Normal
CNC,41.34,2.38,3249,5.42,64.86,4.74,Normal
CNC,53.25,3.26,2642,5.84,54.39,3.61,Normal
CNC,48.64,3.18,2922,5.25,51.35,4.1,Normal
CNC,43.97,2.63,3074,5.81,36.93,4.59,Normal
CNC,43.32,3.95,3703,6.17,31.61,4.42,Normal
CNC,70.8,5.12,4573,9.55,63.92,7.08,Anomaly
CNC,46.59,2.86,3336,5.11,60.46,4.7,Normal
CNC,40.4,2.76,2970,6.44,63.8,4.49,Normal
CNC,33.88,3.41,2954,6.58,35.97,3.98,Normal
CNC,45.09,4.5,2828,5.88,55.49,3.49,Normal
CNC,33.06,3.15,3442,5.36,40.92,3.78,Normal
CNC,51.21,3.77,3149,5.87,30.39,3.59,Normal
CNC,80.82,7.25,4457,8.64,34.83,7.66,Anomaly
CNC,46.38,2.56,2837,5.3,43.33,3.94,Normal
CNC,43.06,1.94,3342,5.86,31.26,4.43,Normal
CNC,36.4,3.46,4287,5.45,65.23,4.29,Normal
CNC,91.99,6.78,3578,9.16,65.88,7.18,Anomaly
CNC,48.08,3.74,3130,5.13,43.7,4.62,Normal
CNC,35.46,2.52,3147,6.61,32.73,3.87,Normal
CNC,50.51,3.6,2756,6.74,55.53,3.94,Normal
CNC,48.46,2.15,2823,6.87,36.92,4.67,Normal
CNC,42.13,2.01,2766,6.34,30.67,4.12,Normal
CNC,71.36,7.15,4959,10.31,30.48,5.65,Anomaly
CNC,37.37,1.88,3170,6.05,41.46,3.6,Normal
CNC,37.22,2.33,2864,5.39,34.98,3.51,Normal
CNC,42.77,3.29,3014,4.84,37.23,4.0,Normal
CNC,98.13,7.01,4876,9.61,61.07,6.34,Anomaly
CNC,48.69,3.47,3321,5.85,35.65,4.07,Normal
CNC,37.58,2.55,3352,4.87,47.99,3.58,Normal
CNC,67.41,6.28,4422,9.85,57.51,7.12,Anomaly
CNC,46.96,3.3,3187,5.51,36.53,4.25,Normal
CNC,51.91,3.22,3349,5.79,56.31,4.54,Normal
CNC,83.12,9.56,4085,8.56,50.48,6.71,Anomaly
CNC,67.31,8.12,4025,9.5,41.2,7.61,Anomaly
CNC,50.4,2.49,2960,6.83,39.24,4.72,Normal
CNC,35.33,3.86,3374,6.1,62.14,3.63,Normal
CNC,32.67,3.59,3194,5.5,41.06,4.13,Normal
CNC,75.71,7.56,3897,7.23,40.99,6.45,Anomaly
CNC,87.39,7.74,3598,10.3,33.99,7.3,Anomaly
CNC,40.25,2.02,3231,6.19,46.9,4.29,Normal
CNC,84.01,6.92,3658,8.03,59.93,6.87,Anomaly
CNC,34.29,2.09,3304,4.98,61.45,4.43,Normal
CNC,41.66,2.61,3143,5.97,45.75,4.08,Normal
CNC,42.47,3.03,3194,5.27,68.21,4.58,Normal
CNC,45.91,2.77,2815,5.84,57.98,5.0,Normal
CNC,48.26,3.42,3921,6.62,46.37,3.45,Normal
CNC,55.0,3.01,3211,6.7,44.91,3.83,Normal
CNC,48.21,3.41,3079,5.63,48.37,4.0,Normal
CNC,33.35,2.22,3169,5.29,69.08,4.81,Normal
CNC,39.39,2.46,3244,5.29,34.82,5.22,Normal
CNC,48.98,2.76,3363,6.66,45.85,5.4,Normal
CNC,32.19,2.11,2935,5.9,44.0,4.06,Normal
CNC,82.2,7.07,3854,8.45,47.59,9.23,Anomaly
CNC,43.89,1.98,3628,6.16,37.58,4.52,Normal
CNC,45.63,2.57,3152,7.19,54.91,4.31,Normal
CNC,50.35,2.65,2974,6.98,32.76,4.26,Normal
CNC,39.18,3.13,3619,6.32,61.12,2.82,Normal
CNC,40.19,3.89,2518,5.62,58.51,3.91,Normal
CNC,41.44,3.39,3588,5.62,48.36,4.08,Normal
CNC,51.78,2.73,2372,5.37,44.51,4.01,Normal
CNC,45.76,2.71,2623,6.08,41.92,3.44,Normal
CNC,44.49,1.3,3016,6.27,41.87,4.05,Normal
CNC,51.46,1.81,3227,4.11,62.17,4.25,Normal
CNC,48.82,2.44,3380,5.41,64.29,3.66,Normal
CNC,34.36,2.25,3554,4.88,63.48,3.96,Normal
CNC,47.62,2.42,3096,5.99,31.62,4.57,Normal
CNC,80.19,7.39,4764,8.78,42.76,7.41,Anomaly
CNC,44.25,1.85,3523,7.13,45.42,3.5,Normal
CNC,44.87,1.81,2849,6.08,51.72,5.34,Normal
CNC,38.36,3.45,3495,5.55,51.9,4.4,Normal
CNC,83.79,7.59,5012,10.38,46.61,7.38,Anomaly
CNC,43.04,2.41,3298,5.71,38.13,3.51,Normal
CNC,40.93,3.98,3046,5.98,36.23,4.42,Normal
CNC,49.05,3.77,2819,6.02,43.51,4.28,Normal
CNC,39.33,3.78,3378,6.92,31.47,4.07,Normal
CNC,38.48,1.91,3080,4.9,67.94,3.87,Normal
CNC,63.14,2.57,3113,5.32,40.97,4.81,Normal
CNC,42.23,1.98,2663,5.75,53.84,4.11,Normal
CNC,34.77,4.21,3684,5.61,35.8,3.75,Normal
CNC,79.69,7.31,3345,7.17,34.05,8.22,Anomaly
CNC,51.82,2.95,2755,5.51,66.41,4.11,Normal
CNC,52.09,2.97,2916,6.21,67.54,4.61,Normal
CNC,85.46,6.99,3884,7.65,69.67,5.98,Anomaly
CNC,46.37,2.31,2734,5.28,30.02,4.83,Normal
CNC,78.67,5.61,4074,7.84,39.84,7.05,Anomaly
CNC,65.37,7.12,4270,8.0,47.41,8.05,Anomaly
CNC,39.43,3.01,3100,5.33,68.91,4.92,Normal
CNC,45.82,4.04,2852,5.58,66.64,4.71,Normal
CNC,74.13,6.48,4912,8.86,64.56,6.66,Anomaly
CNC,84.34,7.07,3757,7.65,50.44,6.9,Anomaly
CNC,41.91,2.91,3550,5.5,43.65,4.23,Normal
CNC,43.78,3.19,3114,6.29,36.93,3.96,Normal
CNC,45.39,1.21,3071,5.24,38.99,4.81,Normal
CNC,42.41,3.35,3374,6.1,37.25,4.55,Normal
CNC,40.91,3.3,3372,6.39,52.2,4.07,Normal
CNC,46.1,2.17,3233,5.89,50.3,4.45,Normal
CNC,45.43,1.64,3041,5.24,67.48,5.06,Normal
CNC,76.23,9.23,4441,7.8,32.35,6.54,Anomaly
CNC,47.58,3.12,3201,6.42,44.55,3.82,Normal
CNC,45.62,3.33,3284,5.11,48.6,4.99,Normal
CNC,44.45,2.26,2914,5.94,69.07,3.79,Normal
CNC,46.23,3.0,3199,5.72,57.07,3.31,Normal
CNC,34.39,2.38,2663,4.87,32.38,3.6,Normal
CNC,77.16,5.88,3923,9.88,59.55,6.92,Anomaly
CNC,89.81,5.63,4462,7.23,39.65,6.1,Anomaly
CNC,43.12,3.65,3277,6.28,69.27,3.85,Normal
CNC,43.83,2.06,3029,5.92,64.22,4.61,Normal
CNC,73.0,7.87,4860,9.0,60.34,6.29,Anomaly
CNC,48.8,3.09,2809,5.89,60.24,4.16,Normal
CNC,49.3,2.17,3333,6.6,43.24,5.26,Normal
CNC,58.37,4.14,2783,6.75,60.3,4.75,Normal
CNC,40.79,3.5,3694,6.59,35.85,4.11,Normal
CNC,42.95,2.65,3245,6.16,38.75,4.57,Normal
CNC,46.26,2.99,3377,5.24,60.81,4.39,Normal
CNC,79.48,6.43,6060,6.68,39.45,5.59,Anomaly
CNC,46.11,4.61,3695,6.08,59.58,3.94,Normal
CNC,50.92,2.84,3267,5.32,58.1,3.88,Normal
CNC,76.8,7.35,4414,7.9,45.22,8.01,Anomaly
CNC,77.66,6.54,4572,7.95,62.86,6.75,Anomaly
CNC,46.1,2.3,3364,6.05,37.31,4.26,Normal
CNC,80.59,6.92,3787,8.53,59.45,6.73,Anomaly
CNC,43.45,1.87,3136,5.49,33.73,5.08,Normal
CNC,50.52,3.65,3286,5.91,49.54,3.63,Normal
CNC,75.62,7.96,4535,9.49,41.82,5.85,Anomaly
CNC,55.05,2.04,3273,5.16,50.39,4.39,Normal
CNC,51.02,2.56,3102,6.82,47.32,3.84,Normal
CNC,41.09,1.51,3105,5.27,32.19,4.44,Normal
CNC,47.44,3.46,3632,6.0,63.53,3.9,Normal
CNC,53.97,3.21,3312,5.18,63.19,4.97,Normal
CNC,40.54,2.73,3097,5.33,33.79,4.23,Normal
CNC,47.15,3.48,3461,6.25,51.57,4.75,Normal
CNC,54.98,2.73,3966,5.31,31.12,4.63,Normal
CNC,42.28,2.75,3285,5.02,68.92,3.42,Normal
CNC,45.64,3.34,3668,5.54,66.32,4.35,Normal
CNC,44.34,3.32,3258,5.72,66.5,4.06,Normal
CNC,45.68,4.38,2632,5.84,54.26,4.99,Normal
CNC,48.87,3.07,3972,6.43,43.09,4.58,Normal
CNC,31.68,4.11,4064,5.82,61.78,4.39,Normal
CNC,37.12,3.4,3266,6.44,38.98,4.06,Normal
CNC,39.4,2.82,3193,5.87,37.8,4.52,Normal
CNC,40.51,3.69,2908,4.64,40.74,4.14,Normal
CNC,41.64,2.68,2863,5.07,41.31,4.06,Normal
CNC,63.57,6.16,3698,8.91,57.18,7.99,Anomaly
CNC,44.1,2.14,3413,5.26,60.86,5.61,Normal
CNC,43.33,2.73,3103,5.63,53.17,4.07,Normal
CNC,42.11,2.73,3539,5.93,30.77,4.15,Normal
CNC,45.04,1.94,2882,5.01,40.24,4.27,Normal
CNC,47.84,2.5,3074,6.22,50.58,3.64,Normal
Washing_Machine,54.42,6.91,1339,3.28,58.18,3.22,Anomaly
Washing_Machine,43.24,1.74,1017,1.75,63.38,1.05,Normal
Washing_Machine,63.63,4.25,1673,3.95,38.59,2.49,Anomaly
Washing_Machine,70.61,4.4,2203,3.48,41.01,2.7,Anomaly
Washing_Machine,31.48,1.7,1015,2.46,46.4,1.16,Normal
Washing_Machine,36.85,1.6,965,2.36,45.32,1.64,Normal
Washing_Machine,29.84,1.79,683,1.72,51.95,1.23,Normal
Washing_Machine,43.16,1.22,1077,1.82,61.37,1.47,Normal
Washing_Machine,35.4,1.8,1051,2.26,57.17,1.28,Normal
Washing_Machine,39.48,2.3,1221,1.87,31.22,1.33,Normal
Washing_Machine,30.37,2.26,1032,1.98,63.09,1.71,Normal
Washing_Machine,34.26,1.52,973,2.58,63.29,1.31,Normal
Washing_Machine,36.04,1.2,788,2.69,58.59,1.35,Normal
Washing_Machine,40.12,2.2,726,2.24,52.39,1.34,Normal
Washing_Machine,32.23,2.06,1108,1.58,68.86,1.72,Normal
Washing_Machine,43.62,2.29,958,2.24,64.19,1.05,Normal
Washing_Machine,42.0,1.79,828,1.78,33.14,1.53,Normal
Washing_Machine,61.94,3.58,1278,4.04,61.62,2.82,Anomaly
Washing_Machine,35.45,1.67,1146,1.7,67.66,1.22,Normal
Washing_Machine,33.72,1.99,1054,2.43,33.37,1.06,Normal
Washing_Machine,33.96,3.2,1070,2.1,58.88,1.27,Normal
Washing_Machine,35.14,2.09,719,2.57,39.83,1.1,Normal
Washing_Machine,59.72,4.09,2071,4.35,63.51,2.62,Anomaly
Washing_Machine,66.84,4.29,1807,4.24,46.72,3.37,Anomaly
Washing_Machine,36.63,1.8,905,1.92,47.0,1.23,Normal
Washing_Machine,71.24,5.22,1748,3.41,56.42,3.33,Anomaly
Washing_Machine,31.77,2.75,906,2.3,60.29,1.47,Normal
Washing_Machine,35.12,2.42,890,1.83,53.62,1.09,Normal
Washing_Machine,35.37,1.55,795,2.14,51.3,1.5,Normal
Washing_Machine,37.53,1.6,1080,2.21,67.96,1.52,Normal
Washing_Machine,37.36,1.63,1010,1.77,38.53,1.49,Normal
Washing_Machine,59.04,6.49,1450,3.68,37.08,2.69,Anomaly
Washing_Machine,75.93,8.73,1514,4.34,67.2,3.5,Anomaly
Washing_Machine,39.06,1.18,1019,2.13,49.59,1.28,Normal
Washing_Machine,37.22,1.79,1368,1.66,32.52,1.63,Normal
Washing_Machine,41.03,1.84,961,2.12,61.57,0.99,Normal
Washing_Machine,51.22,6.75,1461,4.04,37.45,3.3,Anomaly
Washing_Machine,39.24,1.9,871,2.89,46.21,1.23,Normal
Washing_Machine,49.02,3.88,1866,4.56,42.6,1.95,Anomaly
Washing_Machine,40.64,1.67,1036,1.92,35.48,1.48,Normal
Washing_Machine,33.46,2.36,795,1.89,56.38,1.4,Normal
Washing_Machine,26.1,1.96,749,2.07,36.29,1.17,Normal
Washing_Machine,64.92,6.08,1429,5.1,56.15,2.76,Anomaly
Washing_Machine,36.17,2.3,858,2.52,44.56,1.34,Normal
Washing_Machine,76.19,6.23,1336,3.62,37.34,2.72,Anomaly
Washing_Machine,32.06,2.61,1061,2.16,58.88,1.62,Normal
Washing_Machine,31.71,2.51,1009,2.29,54.48,1.39,Normal
Washing_Machine,35.8,1.47,999,1.94,66.39,1.31,Normal
Washing_Machine,39.81,1.69,834,2.47,45.27,1.51,Normal
Washing_Machine,60.85,5.25,1758,5.87,58.87,2.76,Anomaly
Washing_Machine,34.68,1.59,792,2.07,55.27,1.4,Normal
Washing_Machine,41.51,2.38,909,2.44,53.32,1.1,Normal
Washing_Machine,34.44,1.63,788,2.14,38.0,1.39,Normal
Washing_Machine,61.36,5.7,1706,4.02,31.97,3.2,Anomaly
Washing_Machine,33.53,2.0,824,1.77,34.4,1.39,Normal
Washing_Machine,72.32,5.18,1134,3.88,38.66,2.83,Anomaly
Washing_Machine,32.86,2.31,990,2.1,45.14,1.39,Normal
Washing_Machine,32.05,1.46,1006,2.63,59.67,1.24,Normal
Washing_Machine,63.35,4.45,1870,4.15,47.63,2.99,Anomaly
Washing_Machine,42.09,2.1,962,2.12,41.5,1.35,Normal
Washing_Machine,33.15,1.96,948,1.66,58.85,1.24,Normal
Washing_Machine,40.0,1.95,1078,2.37,51.68,1.07,Normal
Washing_Machine,64.25,5.93,1653,3.52,52.06,2.59,Anomaly
Washing_Machine,37.33,1.95,1063,1.74,39.13,1.36,Normal
Washing_Machine,37.89,1.39,896,2.43,64.44,1.28,Normal
Washing_Machine,42.1,1.64,966,1.87,38.84,1.16,Normal
Washing_Machine,40.23,2.05,1144,1.29,60.36,1.32,Normal
Washing_Machine,67.44,5.76,1833,4.91,63.05,2.82,Anomaly
Washing_Machine,30.72,1.62,1046,1.85,36.42,1.28,Normal
Washing_Machine,35.82,1.99,946,1.92,61.27,1.35,Normal
Washing_Machine,38.3,1.81,888,2.0,36.28,0.97,Normal
Washing_Machine,35.59,1.79,949,2.12,42.26,1.64,Normal
Washing_Machine,42.34,2.14,958,2.06,57.49,1.27,Normal
Washing_Machine,34.13,2.27,1045,1.81,45.96,1.42,Normal
Washing_Machine,36.5,2.18,894,1.95,69.34,1.25,Normal
Washing_Machine,32.68,2.18,800,2.31,47.51,0.76,Normal
Washing_Machine,36.61,2.77,906,1.79,41.34,1.38,Normal
Washing_Machine,33.56,1.02,929,1.78,30.76,1.3,Normal
Washing_Machine,31.09,1.97,802,2.06,57.34,0.99,Normal
Washing_Machine,33.19,1.74,858,1.97,41.77,1.34,Normal
Washing_Machine,60.06,6.19,1151,3.96,58.14,2.62,Anomaly
Washing_Machine,36.56,2.21,895,1.77,54.81,1.33,Normal
Washing_Machine,67.06,5.51,1612,5.31,55.86,2.92,Anomaly
Washing_Machine,31.26,1.67,940,1.72,35.97,1.32,Normal
Washing_Machine,30.16,2.3,636,2.18,37.99,1.36,Normal
Washing_Machine,74.69,4.64,1651,4.47,57.56,3.2,Anomaly
Washing_Machine,42.63,2.16,916,1.56,37.15,1.25,Normal
Washing_Machine,31.69,1.73,767,2.45,55.38,1.28,Normal
Washing_Machine,38.91,1.55,948,2.49,69.45,1.33,Normal
Washing_Machine,38.42,1.87,935,2.11,37.52,1.45,Normal
Washing_Machine,37.92,1.4,864,2.35,67.36,1.11,Normal
Washing_Machine,42.41,1.47,769,2.47,67.61,1.22,Normal
Washing_Machine,40.04,1.89,850,2.14,56.99,0.98,Normal
Washing_Machine,37.71,1.63,814,2.73,45.79,1.4,Normal
Washing_Machine,34.6,1.33,1079,2.31,68.35,1.21,Normal
Washing_Machine,43.13,2.59,907,1.86,63.86,0.99,Normal
Washing_Machine,35.84,2.31,871,2.28,52.97,1.36,Normal
Washing_Machine,37.58,1.34,1135,1.74,47.02,1.34,Normal
Washing_Machine,34.64,2.47,824,1.85,45.25,1.36,Normal
Washing_Machine,32.02,0.65,933,2.32,67.84,1.44,Normal
Washing_Machine,45.42,1.77,1024,1.92,37.59,0.93,Normal
Washing_Machine,68.56,5.29,1394,4.33,49.91,2.98,Anomaly
Washing_Machine,37.91,1.6,1072,1.81,60.75,1.36,Normal
Washing_Machine,58.69,5.15,1744,4.17,69.45,2.85,Anomaly
Washing_Machine,61.72,4.29,1861,4.75,48.09,3.18,Anomaly
Washing_Machine,35.76,0.85,1007,2.02,57.64,1.45,Normal
Washing_Machine,37.41,1.67,914,2.32,59.6,1.37,Normal
Washing_Machine,70.67,5.77,1532,4.07,41.01,2.68,Anomaly
Washing_Machine,34.24,2.35,816,1.96,51.97,1.86,Normal
Washing_Machine,37.49,2.03,881,1.54,68.95,1.05,Normal
Washing_Machine,39.18,2.18,1008,1.68,64.45,1.63,Normal
Washing_Machine,36.87,1.72,1026,1.92,58.15,1.43,Normal
Washing_Machine,42.01,2.34,790,2.09,69.59,1.35,Normal
Washing_Machine,39.32,1.43,752,1.82,56.8,1.38,Normal
Washing_Machine,28.66,1.67,1069,2.38,53.04,1.31,Normal
Washing_Machine,63.17,6.01,2007,3.41,61.52,2.69,Anomaly
Washing_Machine,30.18,1.39,1143,2.14,60.73,1.33,Normal
Washing_Machine,40.97,0.9,1031,2.36,61.39,1.23,Normal
Washing_Machine,32.83,2.0,868,2.26,47.63,1.45,Normal
Washing_Machine,69.17,4.52,1572,3.57,47.91,2.34,Anomaly
Washing_Machine,73.67,4.37,1315,4.57,30.04,2.33,Anomaly
Washing_Machine,35.17,1.49,886,2.4,50.16,1.28,Normal
Washing_Machine,55.21,4.4,1783,4.27,65.44,2.58,Anomaly
Washing_Machine,62.59,3.86,1842,3.95,61.7,2.79,Anomaly
Washing_Machine,33.62,1.66,1116,2.49,65.28,1.37,Normal
Washing_Machine,28.84,2.04,804,2.26,40.31,1.41,Normal
Washing_Machine,27.53,2.88,937,2.23,59.71,1.47,Normal
Washing_Machine,51.48,5.32,1606,4.29,62.28,2.6,Anomaly
Washing_Machine,58.67,5.73,1493,2.88,57.98,2.44,Anomaly
Washing_Machine,35.16,2.52,1112,2.23,48.88,1.64,Normal
Washing_Machine,47.85,4.6,1753,3.87,33.71,3.43,Anomaly
Washing_Machine,39.39,2.1,1095,2.1,48.46,1.14,Normal
Washing_Machine,38.69,2.87,864,2.25,59.89,1.26,Normal
Washing_Machine,35.25,2.24,861,1.91,64.21,1.13,Normal
Washing_Machine,36.61,2.49,820,1.45,57.83,1.38,Normal
Washing_Machine,30.95,2.78,1154,2.73,68.22,1.14,Normal
Washing_Machine,35.02,1.34,932,2.16,37.29,1.46,Normal
Washing_Machine,68.06,4.27,1656,4.15,46.44,3.48,Anomaly
Washing_Machine,34.81,1.2,939,2.44,42.82,1.43,Normal
Washing_Machine,32.81,0.0,1024,2.16,36.27,1.22,Normal
Washing_Machine,71.31,4.04,1416,3.77,36.24,2.94,Anomaly
Washing_Machine,39.36,3.19,964,2.21,35.47,1.52,Normal
Washing_Machine,33.28,1.8,881,2.25,69.94,1.56,Normal
Washing_Machine,40.81,2.54,998,1.85,66.95,1.44,Normal
Washing_Machine,26.59,2.53,1109,2.06,57.92,1.34,Normal
Washing_Machine,34.81,1.71,1169,2.01,48.64,1.54,Normal
Washing_Machine,39.19,1.93,993,2.23,50.04,1.38,Normal
Washing_Machine,33.81,2.29,882,2.37,32.34,1.48,Normal
Washing_Machine,35.94,2.4,748,1.53,60.22,1.75,Normal
Washing_Machine,36.86,1.15,1032,1.82,36.98,1.21,Normal
Washing_Machine,30.63,1.58,863,2.28,54.46,1.27,Normal
Washing_Machine,38.57,2.23,1133,2.79,67.71,1.59,Normal
Washing_Machine,45.98,1.8,1146,2.46,45.84,1.11,Normal
Washing_Machine,57.36,5.14,1522,4.07,39.04,2.69,Anomaly
Washing_Machine,72.52,4.86,1681,3.34,58.0,2.78,Anomaly
Washing_Machine,73.28,5.14,1402,3.5,33.66,2.61,Anomaly
Washing_Machine,34.37,1.56,1028,2.21,66.17,1.42,Normal
Washing_Machine,33.78,3.09,1100,2.36,63.76,1.2,Normal
Washing_Machine,31.23,2.63,1129,1.85,50.26,1.35,Normal
Washing_Machine,34.47,1.65,861,2.3,56.92,1.2,Normal
Washing_Machine,42.01,4.78,1940,3.36,64.93,2.7,Anomaly
Washing_Machine,35.99,2.45,974,1.98,58.55,1.39,Normal
Washing_Machine,62.69,5.59,1850,3.77,55.43,3.01,Anomaly
Washing_Machine,58.03,6.36,1549,5.58,58.42,2.51,Anomaly
Washing_Machine,40.16,1.74,938,2.45,56.96,1.03,Normal
Washing_Machine,34.09,1.89,740,2.61,37.26,1.09,Normal
Washing_Machine,34.02,1.8,1076,2.14,36.17,1.53,Normal
Washing_Machine,63.41,4.96,1696,4.61,69.31,3.04,Anomaly
Washing_Machine,76.06,5.76,1591,3.33,32.41,2.56,Anomaly
Washing_Machine,58.68,4.23,1467,3.1,40.83,2.94,Anomaly
Washing_Machine,34.82,1.8,1066,2.25,42.0,1.98,Normal
Washing_Machine,62.85,4.78,1338,3.47,49.74,2.62,Anomaly
Washing_Machine,32.38,2.37,973,2.04,61.82,1.14,Normal
Washing_Machine,38.76,2.63,1033,2.35,47.68,1.41,Normal
Washing_Machine,33.16,1.31,798,2.21,48.53,1.05,Normal
Washing_Machine,39.18,1.41,948,2.25,51.34,1.12,Normal
Washing_Machine,40.93,1.56,935,1.82,56.92,1.34,Normal
Washing_Machine,31.17,2.1,1148,2.68,46.97,1.47,Normal
Washing_Machine,33.03,1.82,992,2.25,38.58,1.64,Normal
Washing_Machine,30.5,1.64,928,1.68,35.07,1.47,Normal
Washing_Machine,27.87,2.74,1077,1.96,34.63,1.39,Normal
Washing_Machine,38.86,2.21,951,1.89,63.37,1.18,Normal
Washing_Machine,32.04,1.74,982,2.44,41.79,1.44,Normal
Washing_Machine,29.42,1.71,834,1.99,55.69,1.45,Normal
Washing_Machine,52.42,6.14,1500,3.56,45.63,2.45,Anomaly
Washing_Machine,36.78,2.23,994,1.73,65.6,0.91,Normal
Washing_Machine,55.5,5.5,1924,2.78,35.93,2.84,Anomaly
Washing_Machine,30.45,2.09,1124,1.85,39.9,1.18,Normal
Washing_Machine,31.74,2.68,1128,2.25,68.02,1.44,Normal
Washing_Machine,34.87,1.87,766,2.34,37.05,1.17,Normal
Washing_Machine,36.96,1.84,933,2.45,34.65,1.14,Normal
Washing_Machine,37.39,1.9,1062,1.89,35.05,1.05,Normal
Washing_Machine,42.42,1.46,1021,2.39,43.12,1.22,Normal
Washing_Machine,32.53,1.57,1047,2.04,37.97,1.11,Normal
Washing_Machine,37.44,2.16,826,2.45,37.47,1.26,Normal
Washing_Machine,31.25,2.43,733,2.57,63.59,1.52,Normal
Washing_Machine,31.58,1.67,989,1.88,51.84,1.04,Normal
Washing_Machine,30.31,1.41,942,1.97,51.76,1.14,Normal
Washing_Machine,33.96,2.58,936,2.04,63.12,1.37,Normal
Washing_Machine,33.96,1.71,1034,3.01,58.97,1.29,Normal
Washing_Machine,29.12,1.65,994,1.59,62.86,1.03,Normal
Washing_Machine,37.38,2.28,914,2.55,35.26,1.57,Normal
Washing_Machine,30.98,1.51,926,1.92,41.95,1.4,Normal
Washing_Machine,36.6,2.55,994,2.16,46.04,1.57,Normal
Washing_Machine,36.17,2.25,929,2.61,65.71,1.55,Normal
Washing_Machine,31.74,2.04,1081,1.8,32.76,1.23,Normal
Washing_Machine,39.92,2.57,1027,2.09,48.6,0.94,Normal
Washing_Machine,43.03,2.03,1065,2.12,68.57,1.42,Normal
Washing_Machine,38.41,2.46,998,2.67,62.16,1.3,Normal
Washing_Machine,42.48,2.35,915,2.0,46.99,1.47,Normal
Washing_Machine,33.17,2.86,973,2.66,46.2,1.36,Normal
Washing_Machine,59.54,5.3,1290,4.75,43.29,2.74,Anomaly
Washing_Machine,34.82,1.72,992,1.73,61.61,0.93,Normal
Washing_Machine,38.1,1.33,1060,2.46,45.52,1.36,Normal
Washing_Machine,39.43,2.08,771,1.57,68.29,1.21,Normal
Washing_Machine,36.37,1.25,789,1.89,50.37,1.57,Normal
Washing_Machine,28.41,1.71,573,2.08,64.48,1.34,Normal
Washing_Machine,37.3,2.05,1239,1.86,60.23,1.12,Normal
Washing_Machine,34.14,1.47,952,2.16,63.37,1.45,Normal
Washing_Machine,36.49,1.8,958,1.57,58.99,1.14,Normal
Washing_Machine,38.34,1.93,694,2.08,40.51,1.12,Normal
Washing_Machine,40.2,1.72,965,1.9,69.05,1.32,Normal
Washing_Machine,59.66,6.11,1653,3.57,63.88,2.51,Anomaly
Washing_Machine,38.25,2.03,1069,2.31,40.98,1.11,Normal
Washing_Machine,51.73,5.49,1374,4.66,66.72,2.14,Anomaly
Washing_Machine,37.2,1.44,1067,1.8,42.94,1.11,Normal
Washing_Machine,75.46,7.29,1625,3.65,51.67,2.84,Anomaly
Washing_Machine,30.61,2.26,781,2.37,68.77,1.26,Normal
Washing_Machine,36.52,1.53,1154,2.31,48.76,0.97,Normal
Washing_Machine,33.82,1.41,867,2.38,53.32,1.03,Normal
Washing_Machine,59.39,7.01,1563,3.78,64.14,2.66,Anomaly
Washing_Machine,33.08,1.89,843,1.98,60.19,1.1,Normal
Washing_Machine,35.5,1.58,949,1.82,38.74,1.54,Normal
Washing_Machine,41.75,1.31,994,1.72,37.98,1.67,Normal
Washing_Machine,33.41,2.11,1047,2.33,56.41,1.14,Normal
Washing_Machine,36.58,2.58,964,2.24,58.6,1.15,Normal
Washing_Machine,37.26,2.36,1075,2.26,62.51,1.23,Normal
Washing_Machine,34.68,1.46,910,2.12,33.4,1.28,Normal
Washing_Machine,40.98,2.2,1088,2.19,30.11,1.66,Normal
Washing_Machine,38.33,1.64,831,1.82,62.04,1.3,Normal
Washing_Machine,35.86,1.38,898,2.33,34.55,1.19,Normal
Washing_Machine,33.31,2.04,771,2.72,33.66,1.25,Normal
Washing_Machine,33.63,2.34,1021,1.74,46.2,1.45,Normal
Washing_Machine,32.22,2.86,966,2.38,59.29,1.32,Normal
Washing_Machine,40.11,1.55,954,2.16,55.99,1.37,Normal
Washing_Machine,68.84,6.61,1790,3.09,63.93,2.45,Anomaly
Washing_Machine,34.09,1.64,1023,1.57,31.25,0.59,Normal
Washing_Machine,37.55,1.88,906,1.9,56.1,1.1,Normal
Washing_Machine,42.15,2.19,989,2.63,34.48,1.19,Normal
Washing_Machine,36.91,1.91,760,2.15,60.44,1.16,Normal
Washing_Machine,29.42,1.34,840,1.79,61.48,1.44,Normal
Washing_Machine,38.9,1.32,982,1.98,30.23,0.97,Normal
Washing_Machine,33.21,1.85,1024,2.41,52.22,1.22,Normal
Washing_Machine,36.82,2.96,1094,2.36,48.42,1.12,Normal
Washing_Machine,30.69,2.51,797,1.87,47.09,1.0,Normal
Washing_Machine,48.09,1.88,789,2.39,30.26,0.94,Normal
Washing_Machine,32.78,7.14,1477,3.15,50.0,1.73,Anomaly
Washing_Machine,39.43,1.6,1016,2.72,59.61,1.28,Normal
Washing_Machine,36.32,2.93,776,2.1,38.5,1.28,Normal
Washing_Machine,30.56,2.54,856,1.97,30.56,1.43,Normal
Washing_Machine,34.67,1.03,1098,2.06,42.31,1.12,Normal
Washing_Machine,38.71,2.26,1294,2.19,43.22,1.31,Normal
Washing_Machine,31.03,2.11,939,2.21,60.09,1.46,Normal
Washing_Machine,35.19,1.54,896,2.26,65.55,1.05,Normal
Washing_Machine,37.56,2.43,971,1.8,52.71,0.97,Normal
Washing_Machine,38.72,1.02,1006,2.11,50.74,1.39,Normal
Washing_Machine,35.02,1.77,993,2.31,36.06,1.43,Normal
Washing_Machine,39.48,2.29,971,2.04,31.47,1.41,Normal
Washing_Machine,36.32,2.22,834,2.37,39.88,1.01,Normal
Washing_Machine,34.73,1.62,750,2.08,34.6,1.38,Normal
Washing_Machine,74.67,6.69,1658,4.28,54.12,2.12,Anomaly
Washing_Machine,60.21,4.35,1471,4.45,48.21,2.06,Anomaly
Washing_Machine,25.56,1.7,1203,2.12,49.66,1.2,Normal
Washing_Machine,62.27,4.65,1790,4.09,60.65,2.38,Anomaly
Washing_Machine,67.56,4.11,1505,3.45,54.47,2.57,Anomaly
Washing_Machine,44.85,2.23,1089,1.99,49.67,1.48,Normal
Washing_Machine,62.07,4.57,1758,4.13,42.35,2.33,Anomaly
Washing_Machine,28.66,2.85,859,1.83,55.23,1.51,Normal
Washing_Machine,37.09,2.47,922,2.14,59.29,1.37,Normal
Washing_Machine,37.88,2.21,641,1.78,40.45,1.45,Normal
Washing_Machine,30.57,2.9,1035,1.45,64.11,1.0,Normal
Washing_Machine,42.59,1.68,1067,2.04,50.5,1.29,Normal
Washing_Machine,67.79,5.12,1482,3.31,66.12,2.85,Anomaly
Washing_Machine,38.39,1.94,800,2.09,30.07,0.98,Normal
Washing_Machine,33.58,1.19,960,2.09,43.3,1.56,Normal
Washing_Machine,43.65,1.93,992,1.43,54.83,1.35,Normal
Washing_Machine,46.11,0.86,1128,1.62,46.0,1.42,Normal
Washing_Machine,37.16,1.77,1023,2.17,62.0,1.45,Normal
Washing_Machine,33.85,1.02,1022,1.97,55.05,1.31,Normal
Washing_Machine,40.35,2.27,869,2.27,40.96,1.22,Normal
Washing_Machine,34.28,2.06,887,1.89,57.45,1.21,Normal
Washing_Machine,58.13,5.48,1604,3.62,50.2,3.23,Anomaly
Washing_Machine,29.27,2.23,982,1.96,55.07,0.97,Normal
Washing_Machine,37.93,3.48,914,2.35,32.65,1.47,Normal
Washing_Machine,70.38,5.79,1497,3.44,43.5,3.18,Anomaly
Washing_Machine,38.72,1.66,889,1.15,50.38,1.85,Normal
Washing_Machine,29.78,2.4,928,2.01,61.41,1.13,Normal
Washing_Machine,54.69,5.53,1466,4.4,59.04,2.63,Anomaly
Washing_Machine,36.12,2.11,748,2.04,61.34,1.37,Normal
Washing_Machine,36.73,2.12,830,2.33,33.18,1.58,Normal
Washing_Machine,34.11,2.59,840,1.77,53.72,1.41,Normal
Washing_Machine,34.37,1.8,807,2.03,44.42,1.49,Normal
Washing_Machine,52.57,7.37,1238,2.99,53.02,3.36,Anomaly
Washing_Machine,65.94,5.62,1563,3.81,43.39,2.99,Anomaly
Washing_Machine,35.14,2.04,905,2.24,44.58,1.79,Normal
Washing_Machine,37.76,0.97,958,2.02,69.44,1.35,Normal
Washing_Machine,32.39,2.14,1195,1.82,49.02,1.6,Normal
Washing_Machine,31.6,2.41,989,1.93,34.36,1.23,Normal
Washing_Machine,38.79,2.43,982,2.68,58.86,1.52,Normal
Washing_Machine,37.53,1.48,902,1.88,48.3,1.46,Normal
Washing_Machine,31.78,1.14,862,2.63,33.73,0.98,Normal
Washing_Machine,62.98,6.22,1755,4.64,30.56,2.48,Anomaly
Washing_Machine,41.04,2.0,899,2.07,69.12,1.35,Normal
Washing_Machine,38.88,1.17,920,2.18,51.4,1.18,Normal
Washing_Machine,39.92,2.4,934,2.12,59.26,1.61,Normal
Washing_Machine,73.17,3.68,1267,4.42,33.82,1.82,Anomaly
Washing_Machine,33.47,1.32,992,2.05,44.59,1.01,Normal
Washing_Machine,44.8,1.86,840,2.07,36.32,1.57,Normal
Washing_Machine,31.43,1.73,907,1.8,63.28,1.45,Normal
Washing_Machine,35.26,2.37,783,1.93,34.98,1.28,Normal
Washing_Machine,37.48,1.7,901,1.98,68.47,1.1,Normal
Washing_Machine,35.41,1.78,862,1.93,64.65,1.09,Normal
Washing_Machine,50.72,6.56,1810,3.92,58.53,2.82,Anomaly
Washing_Machine,37.82,1.22,1224,2.59,34.42,1.36,Normal
Washing_Machine,35.11,1.95,987,2.41,59.86,1.27,Normal
Washing_Machine,38.75,1.64,858,1.99,32.54,1.02,Normal
Washing_Machine,52.08,6.95,1633,4.81,65.25,2.61,Anomaly
Washing_Machine,36.33,2.5,981,2.37,30.36,1.47,Normal
Washing_Machine,36.03,2.37,876,2.12,42.37,1.3,Normal
Washing_Machine,55.7,4.63,2051,4.44,35.03,3.33,Anomaly
Washing_Machine,34.68,2.99,1120,1.99,55.81,1.12,Normal
Washing_Machine,36.98,2.67,908,2.29,54.63,1.55,Normal
Washing_Machine,33.55,1.29,1133,2.38,64.37,1.44,Normal
Washing_Machine,44.9,2.46,1070,1.96,64.07,1.27,Normal
Washing_Machine,59.19,6.58,1227,5.24,43.7,2.18,Anomaly
Washing_Machine,41.44,1.23,952,1.9,46.8,1.16,Normal
Washing_Machine,38.96,1.62,816,1.57,52.37,1.23,Normal
Washing_Machine,33.81,2.27,714,2.14,53.28,1.24,Normal
Washing_Machine,36.66,1.7,1017,2.48,59.45,1.53,Normal
Washing_Machine,35.22,2.36,991,1.94,68.27,1.2,Normal
Washing_Machine,36.5,1.24,1200,2.45,65.36,1.3,Normal
Washing_Machine,36.46,1.84,1211,2.82,63.36,1.31,Normal
Washing_Machine,32.67,2.79,1013,1.85,44.88,1.11,Normal
Washing_Machine,32.88,2.83,1062,1.96,45.54,1.26,Normal
Washing_Machine,41.17,2.48,1051,1.98,35.13,1.19,Normal
Washing_Machine,40.06,2.06,1162,2.59,37.31,1.33,Normal
Washing_Machine,36.23,2.46,1039,1.9,35.96,1.47,Normal
Washing_Machine,41.43,1.95,927,2.73,63.3,1.5,Normal
Washing_Machine,39.11,2.16,684,2.75,34.63,1.34,Normal
Washing_Machine,36.24,2.38,1220,1.8,44.83,1.35,Normal
Washing_Machine,56.82,3.92,1254,4.05,52.57,2.54,Anomaly
Washing_Machine,61.4,6.48,1431,5.43,67.1,2.99,Anomaly
Washing_Machine,35.6,1.3,963,2.32,35.84,1.07,Normal
Washing_Machine,43.55,1.66,973,2.23,59.99,1.48,Normal
Washing_Machine,33.32,1.75,903,1.84,40.18,1.25,Normal
Washing_Machine,65.68,5.3,1549,3.72,68.22,2.66,Anomaly
Washing_Machine,33.61,2.14,1027,1.6,65.89,1.62,Normal
Washing_Machine,35.97,1.68,761,1.85,68.12,1.54,Normal
Washing_Machine,55.17,4.71,1603,5.47,42.04,2.59,Anomaly
Washing_Machine,68.74,6.59,1268,4.27,59.67,2.17,Anomaly
Washing_Machine,36.68,2.6,1080,2.32,46.12,1.48,Normal
Washing_Machine,38.14,1.63,977,1.82,58.32,1.56,Normal
Washing_Machine,32.63,1.99,1077,2.0,52.75,1.3,Normal
Washing_Machine,37.8,1.55,1041,2.18,52.95,1.16,Normal
Washing_Machine,37.89,2.21,800,1.77,36.8,1.27,Normal
Washing_Machine,40.96,1.35,967,2.01,57.47,1.3,Normal
Washing_Machine,32.42,2.03,990,2.36,55.47,1.25,Normal
Washing_Machine,33.29,1.51,876,1.97,33.73,1.56,Normal
Washing_Machine,37.63,1.82,888,1.65,30.4,1.16,Normal
Washing_Machine,58.33,6.28,1542,3.68,61.29,2.21,Anomaly
Washing_Machine,30.44,2.07,945,2.04,60.48,1.28,Normal
Washing_Machine,36.43,2.14,782,1.92,48.74,1.24,Normal
Washing_Machine,31.84,0.6,934,1.74,53.68,1.0,Normal
Washing_Machine,70.5,4.1,1842,5.01,60.33,3.33,Anomaly
Washing_Machine,33.32,1.83,909,2.07,51.05,1.58,Normal
Washing_Machine,45.02,2.42,925,1.78,66.85,0.76,Normal
Washing_Machine,36.42,2.61,843,2.13,44.63,1.59,Normal
Washing_Machine,44.9,0.87,915,2.14,50.88,1.54,Normal
Washing_Machine,29.78,2.93,833,2.6,65.71,1.65,Normal
Washing_Machine,36.6,1.95,1097,1.94,40.05,1.57,Normal
Washing_Machine,34.19,2.71,945,2.07,49.56,1.1,Normal
Washing_Machine,35.57,1.69,872,1.78,54.53,1.1,Normal
Washing_Machine,39.08,1.49,927,1.66,47.94,1.2,Normal
Washing_Machine,36.95,2.15,940,2.37,31.96,1.19,Normal
Washing_Machine,37.47,1.52,743,1.73,55.51,1.35,Normal
Washing_Machine,71.54,5.04,1488,4.98,60.17,2.75,Anomaly
Washing_Machine,39.74,1.98,1009,2.7,30.72,1.39,Normal
Washing_Machine,33.48,2.01,765,2.21,56.54,1.26,Normal
Washing_Machine,43.28,2.13,979,2.71,35.75,1.3,Normal
Washing_Machine,36.33,1.89,906,1.83,31.0,1.24,Normal
Washing_Machine,34.98,1.79,955,2.24,44.53,1.46,Normal
Washing_Machine,75.96,6.27,1721,5.12,54.44,3.45,Anomaly
Washing_Machine,35.46,2.15,1158,2.0,59.34,1.19,Normal
Washing_Machine,38.77,2.04,767,2.36,33.37,1.34,Normal
Washing_Machine,44.06,2.12,890,1.9,41.61,1.27,Normal
Washing_Machine,69.16,5.07,1644,5.14,32.53,2.52,Anomaly
Washing_Machine,57.82,5.7,1525,3.06,48.51,3.0,Anomaly
Washing_Machine,34.59,1.5,825,1.35,48.13,1.49,Normal
Washing_Machine,37.35,1.91,891,2.02,55.42,1.34,Normal
Washing_Machine,41.32,1.05,886,1.93,61.58,1.22,Normal
Washing_Machine,68.66,5.32,1615,3.75,62.19,2.71,Anomaly
Washing_Machine,33.95,1.63,820,2.05,54.03,1.05,Normal
Washing_Machine,34.25,2.26,931,1.82,66.33,0.99,Normal
Washing_Machine,31.23,1.11,883,2.31,48.94,1.4,Normal
Washing_Machine,35.44,1.75,740,2.13,62.61,1.26,Normal
Washing_Machine,36.8,2.06,1015,1.87,49.08,0.86,Normal
Washing_Machine,62.74,4.44,1695,4.8,66.37,2.01,Anomaly
Washing_Machine,37.77,1.18,801,2.17,32.19,1.27,Normal
Washing_Machine,39.75,2.44,832,1.98,66.11,0.97,Normal
Washing_Machine,68.3,6.71,1565,4.85,51.14,1.89,Anomaly
Washing_Machine,36.95,1.85,1078,2.24,44.15,1.47,Normal
Washing_Machine,54.67,5.07,1827,3.99,49.29,2.56,Anomaly
Washing_Machine,31.81,2.07,1017,2.64,51.58,1.52,Normal
Washing_Machine,23.95,1.57,1011,2.16,34.18,1.4,Normal
Washing_Machine,35.82,1.59,800,2.3,54.99,1.18,Normal
Washing_Machine,35.21,2.24,899,2.46,65.11,1.23,Normal
Washing_Machine,62.8,4.47,1544,3.95,38.0,2.45,Anomaly
Washing_Machine,38.54,1.21,1000,1.65,30.24,1.28,Normal
Washing_Machine,35.67,2.0,857,2.38,40.43,1.19,Normal
Washing_Machine,38.24,1.88,934,2.13,66.19,1.04,Normal
Washing_Machine,37.54,2.64,952,2.21,47.65,1.47,Normal
Washing_Machine,40.97,1.18,1107,1.74,56.77,1.49,Normal
Washing_Machine,36.28,1.26,890,2.25,62.41,1.58,Normal
Washing_Machine,30.55,1.98,895,2.47,31.56,1.42,Normal
Washing_Machine,36.5,1.15,1053,2.38,61.57,1.31,Normal
Washing_Machine,36.01,1.0,892,1.67,44.97,1.05,Normal
Washing_Machine,40.15,2.35,921,2.19,64.21,1.12,Normal
Washing_Machine,35.39,2.39,938,2.14,60.66,1.36,Normal
Washing_Machine,36.07,1.51,1167,1.75,31.43,1.28,Normal
Washing_Machine,37.13,1.65,759,1.87,45.08,1.32,Normal
Washing_Machine,36.56,1.95,688,1.86,69.58,1.36,Normal
Washing_Machine,63.5,4.32,1793,4.01,64.78,2.9,Anomaly
Washing_Machine,37.82,1.8,888,2.74,33.37,1.28,Normal
Washing_Machine,75.17,5.36,1723,4.36,57.92,1.75,Anomaly
Washing_Machine,81.96,6.0,1416,3.99,39.82,2.2,Anomaly
Washing_Machine,37.12,2.71,1180,1.9,44.84,1.41,Normal
Washing_Machine,32.51,0.69,1130,1.91,53.97,1.41,Normal
Washing_Machine,40.39,1.77,1104,2.38,62.66,1.16,Normal
Washing_Machine,33.63,1.36,999,1.98,32.91,1.37,Normal
Washing_Machine,37.46,1.08,727,1.36,42.0,1.0,Normal
Washing_Machine,62.87,6.29,1972,3.41,53.03,3.24,Anomaly
Washing_Machine,46.13,0.88,803,1.99,66.85,1.24,Normal
Washing_Machine,66.93,5.57,1529,3.75,46.63,3.02,Anomaly
Washing_Machine,33.45,1.77,1095,2.23,37.87,0.97,Normal
Washing_Machine,33.1,1.8,909,1.29,45.93,1.22,Normal
Washing_Machine,39.79,1.61,929,1.82,49.79,1.34,Normal
Washing_Machine,69.32,5.34,1388,3.73,53.09,2.76,Anomaly
Washing_Machine,32.97,1.86,866,1.59,41.77,1.62,Normal
Washing_Machine,41.35,1.72,880,1.86,51.59,1.29,Normal
Washing_Machine,28.25,2.0,1094,2.15,33.92,1.47,Normal
Washing_Machine,43.3,1.62,992,2.03,42.34,1.47,Normal
Washing_Machine,64.91,5.09,1911,3.69,47.35,2.66,Anomaly
Washing_Machine,58.92,5.31,1550,3.93,66.26,2.44,Anomaly
Washing_Machine,37.74,1.55,976,2.11,47.0,1.06,Normal
Washing_Machine,33.91,2.33,981,1.81,65.62,1.48,Normal
Washing_Machine,31.9,1.52,980,1.57,61.66,1.58,Normal
Washing_Machine,33.89,2.45,1049,1.97,50.67,1.49,Normal
Washing_Machine,61.99,6.27,1415,4.64,40.39,3.08,Anomaly
Washing_Machine,35.21,1.71,855,2.71,65.24,1.16,Normal
Washing_Machine,37.79,0.9,1021,1.99,45.68,1.7,Normal
Washing_Machine,36.19,1.59,920,2.0,51.44,1.24,Normal
Washing_Machine,34.08,1.42,893,2.41,42.9,1.42,Normal
Washing_Machine,33.97,1.1,905,2.23,61.35,1.02,Normal
Washing_Machine,34.87,2.74,788,2.23,30.41,1.55,Normal
Washing_Machine,39.6,1.56,884,2.02,38.54,1.46,Normal
Washing_Machine,32.85,1.98,920,1.81,59.55,1.13,Normal
Washing_Machine,36.47,2.2,835,2.04,41.88,1.17,Normal
Washing_Machine,76.01,4.47,1285,4.16,37.32,2.95,Anomaly
Washing_Machine,33.43,1.93,800,2.12,34.66,1.57,Normal
Washing_Machine,35.83,2.8,1066,2.17,37.57,1.36,Normal
Washing_Machine,74.15,4.49,1447,4.58,40.33,2.19,Anomaly
Washing_Machine,39.94,1.7,855,2.05,50.32,1.57,Normal
Washing_Machine,38.23,1.51,1088,2.08,55.56,1.54,Normal
Washing_Machine,66.0,5.48,1601,3.89,30.45,3.64,Anomaly
Washing_Machine,41.29,2.87,1057,2.13,68.26,1.45,Normal
Washing_Machine,39.72,1.68,1080,2.18,40.37,0.94,Normal
Washing_Machine,32.97,1.58,933,2.21,67.99,1.11,Normal
Washing_Machine,71.72,6.68,1471,4.48,68.05,3.07,Anomaly
Washing_Machine,28.53,1.67,777,2.26,62.25,1.53,Normal
Washing_Machine,66.92,5.86,1333,4.21,63.35,2.53,Anomaly
Washing_Machine,36.31,1.83,756,2.25,63.79,1.17,Normal
Washing_Machine,34.44,2.04,965,1.7,67.4,1.43,Normal
Washing_Machine,36.73,2.61,858,1.75,62.5,1.57,Normal
Washing_Machine,32.41,1.68,1223,2.08,48.21,1.4,Normal
Washing_Machine,31.43,1.17,931,2.03,40.16,1.21,Normal
Washing_Machine,31.33,1.21,1046,1.89,69.04,1.37,Normal
Washing_Machine,37.24,2.2,972,1.87,30.24,1.09,Normal
Washing_Machine,35.39,2.38,863,2.41,37.76,1.1,Normal
Washing_Machine,54.82,6.49,1656,5.04,40.39,2.46,Anomaly
Washing_Machine,60.17,4.26,1742,3.9,49.9,2.29,Anomaly
Washing_Machine,40.08,2.17,835,1.9,57.85,1.22,Normal
Washing_Machine,74.84,5.02,1741,5.12,34.94,2.74,Anomaly
Washing_Machine,36.06,2.37,1173,2.14,32.81,1.3,Normal
Washing_Machine,40.43,1.75,1001,1.85,31.27,1.43,Normal
Washing_Machine,35.78,1.76,1041,2.21,42.94,1.01,Normal
Washing_Machine,40.88,1.57,918,1.85,36.2,1.42,Normal
Washing_Machine,41.69,2.13,963,2.32,58.51,1.51,Normal
Washing_Machine,41.92,2.27,1140,2.58,58.18,1.58,Normal
Washing_Machine,35.81,1.59,816,1.81,40.26,1.69,Normal
Washing_Machine,36.98,1.87,878,2.45,44.89,1.61,Normal
Washing_Machine,37.38,1.39,1008,1.71,41.43,1.5,Normal
Washing_Machine,30.94,1.78,931,2.26,62.01,1.28,Normal
Washing_Machine,35.09,1.98,902,1.99,47.33,1.63,Normal
Washing_Machine,43.91,1.77,861,2.34,60.45,1.34,Normal
Washing_Machine,37.27,2.54,807,2.14,39.8,1.36,Normal
Washing_Machine,24.66,2.04,864,1.85,64.93,1.75,Normal
Washing_Machine,31.09,1.48,911,2.18,40.42,1.14,Normal
Washing_Machine,38.73,1.74,1179,1.8,48.35,1.01,Normal
Washing_Machine,65.61,4.81,1846,3.63,56.94,2.48,Anomaly
Washing_Machine,61.45,3.12,1492,3.53,58.57,4.05,Anomaly
Washing_Machine,40.18,1.66,857,2.49,65.56,1.23,Normal
Washing_Machine,36.65,1.3,949,1.82,60.51,0.97,Normal
Washing_Machine,29.76,1.86,858,1.8,52.94,1.08,Normal
Washing_Machine,33.15,0.63,889,1.91,43.57,1.31,Normal
Washing_Machine,37.81,2.31,986,1.44,46.66,1.41,Normal
Washing_Machine,33.02,2.07,899,1.85,32.38,1.75,Normal
Washing_Machine,55.03,5.95,1566,4.79,65.1,2.44,Anomaly
Washing_Machine,40.45,2.06,805,2.51,40.94,1.24,Normal
Washing_Machine,40.37,1.72,859,2.51,52.23,1.36,Normal
Washing_Machine,45.19,2.46,1048,1.64,47.76,1.43,Normal
Washing_Machine,33.81,1.39,877,2.39,52.95,1.54,Normal
Washing_Machine,30.2,1.7,1105,2.29,57.47,1.19,Normal
Washing_Machine,35.54,2.22,993,1.74,66.88,1.74,Normal
Washing_Machine,33.82,2.36,951,2.25,38.03,1.3,Normal
Washing_Machine,39.64,1.87,908,1.68,62.93,1.62,Normal
Washing_Machine,27.34,1.8,1126,1.94,55.6,1.06,Normal
Washing_Machine,32.06,1.87,989,2.05,54.51,1.38,Normal
Washing_Machine,44.09,1.76,1009,2.16,61.79,1.18,Normal
Washing_Machine,34.64,1.84,874,1.72,62.7,1.02,Normal
Washing_Machine,65.29,4.32,1911,3.42,64.95,3.02,Anomaly
Washing_Machine,36.37,0.96,982,2.16,64.33,1.32,Normal
Washing_Machine,36.43,1.25,1040,2.32,58.15,1.29,Normal
Washing_Machine,37.93,1.47,1134,2.47,62.71,1.2,Normal
Washing_Machine,35.52,1.12,1021,2.39,67.41,0.92,Normal
Washing_Machine,33.69,1.72,982,2.5,65.96,1.09,Normal
Washing_Machine,31.98,2.08,735,2.13,53.54,1.12,Normal
Washing_Machine,68.77,4.17,1230,4.61,68.44,3.31,Anomaly
Washing_Machine,62.97,5.96,1598,5.29,54.46,2.35,Anomaly
Washing_Machine,36.24,2.16,823,2.58,68.93,1.37,Normal
Washing_Machine,35.55,1.97,871,1.53,43.68,1.64,Normal
Washing_Machine,35.33,1.98,806,1.67,52.9,1.09,Normal
Washing_Machine,40.28,2.04,760,2.37,61.29,1.07,Normal
Washing_Machine,38.62,1.36,911,2.34,39.81,1.04,Normal
Washing_Machine,42.02,1.71,892,2.62,33.25,1.3,Normal
Washing_Machine,37.31,2.14,851,2.24,33.46,1.22,Normal
Washing_Machine,36.42,2.04,837,2.67,69.46,1.67,Normal
Washing_Machine,42.77,0.91,1184,2.61,47.58,1.2,Normal
Washing_Machine,36.88,2.0,832,1.74,50.48,1.16,Normal
Washing_Machine,34.09,1.19,930,2.66,68.09,1.69,Normal
Washing_Machine,32.94,1.78,890,2.57,32.1,1.26,Normal
Washing_Machine,28.76,1.73,939,2.37,48.22,1.4,Normal
Washing_Machine,37.4,1.48,854,2.73,41.37,1.45,Normal
Washing_Machine,32.7,2.22,826,1.71,44.12,1.58,Normal
Washing_Machine,57.43,7.24,1721,4.08,68.92,2.58,Anomaly
Washing_Machine,37.6,2.07,963,1.69,68.43,1.67,Normal
Washing_Machine,57.01,5.38,1535,4.94,44.45,3.09,Anomaly
Washing_Machine,58.6,6.08,1756,3.9,35.02,3.31,Anomaly
Washing_Machine,37.24,2.37,1108,1.92,54.11,1.62,Normal
Washing_Machine,64.51,5.4,1727,3.57,50.06,2.8,Anomaly
Washing_Machine,53.56,5.29,1446,5.42,58.81,2.33,Anomaly
Washing_Machine,67.84,4.73,1597,3.23,40.32,2.12,Anomaly
Washing_Machine,41.83,1.83,1029,1.95,69.48,1.21,Normal
Washing_Machine,34.43,1.34,1018,2.31,42.55,1.17,Normal
Washing_Machine,32.66,2.42,1057,2.45,59.57,1.57,Normal
Washing_Machine,35.86,1.71,896,2.11,30.24,1.41,Normal
Washing_Machine,28.23,2.7,988,2.34,56.57,1.59,Normal
Washing_Machine,33.65,1.54,884,1.77,61.96,1.28,Normal
Washing_Machine,37.29,1.37,1149,2.09,51.81,1.23,Normal
Washing_Machine,30.33,2.29,1040,1.76,46.45,1.55,Normal
Washing_Machine,32.76,1.04,961,1.97,60.91,1.46,Normal
Washing_Machine,33.52,1.65,886,1.82,48.71,1.58,Normal
Washing_Machine,34.23,1.59,1004,2.97,53.57,1.14,Normal
Washing_Machine,37.11,1.64,1072,2.04,30.95,1.57,Normal
Washing_Machine,36.74,1.74,958,2.11,42.48,1.58,Normal
Washing_Machine,34.51,2.43,953,1.93,60.44,0.98,Normal
Washing_Machine,78.04,5.58,1600,3.76,61.4,2.44,Anomaly
Washing_Machine,38.35,1.92,1034,2.56,50.42,1.68,Normal
Washing_Machine,34.14,1.83,929,1.84,57.11,1.32,Normal
Washing_Machine,36.25,2.2,995,1.87,39.49,1.26,Normal
Washing_Machine,68.04,5.67,1380,4.21,41.27,3.38,Anomaly
Washing_Machine,35.28,1.65,1089,2.17,36.82,1.26,Normal
Washing_Machine,33.22,1.69,960,2.07,55.99,1.36,Normal
Washing_Machine,29.66,1.4,983,1.85,46.14,1.3,Normal
Washing_Machine,42.28,1.15,874,2.06,64.92,1.41,Normal
Washing_Machine,37.96,2.48,903,2.29,56.43,1.12,Normal
Washing_Machine,37.07,1.19,1086,2.15,51.49,1.26,Normal
Washing_Machine,30.25,1.37,959,2.09,59.51,1.4,Normal
Washing_Machine,34.72,1.99,715,2.42,36.98,1.49,Normal
Washing_Machine,65.83,6.58,1360,5.07,34.22,2.99,Anomaly
Washing_Machine,51.83,3.95,1585,4.53,43.92,2.23,Anomaly
Washing_Machine,53.96,4.07,1862,4.62,51.71,3.39,Anomaly
Washing_Machine,41.2,2.56,1034,1.88,67.59,1.16,Normal
Washing_Machine,37.31,2.39,797,1.95,45.09,1.37,Normal
Washing_Machine,39.84,1.77,958,1.29,65.61,1.4,Normal
Washing_Machine,34.56,2.31,1002,2.01,69.66,0.96,Normal
Washing_Machine,29.36,1.05,994,1.95,53.93,1.38,Normal
Washing_Machine,34.21,2.37,969,1.92,56.56,1.73,Normal
Washing_Machine,33.15,1.75,1138,2.05,65.78,1.29,Normal
Washing_Machine,30.12,0.33,994,2.12,32.29,1.1,Normal
Washing_Machine,32.61,1.5,662,2.26,67.81,1.56,Normal
Washing_Machine,39.26,2.2,902,2.05,33.28,1.5,Normal
Washing_Machine,39.14,1.92,1012,1.95,61.4,1.14,Normal
Washing_Machine,33.58,1.75,913,2.21,34.32,1.0,Normal
Washing_Machine,58.2,3.4,1547,4.38,36.71,2.88,Anomaly
Washing_Machine,40.44,1.11,969,2.02,38.11,1.46,Normal
Washing_Machine,38.1,1.08,1023,2.25,54.11,1.25,Normal
Washing_Machine,37.91,1.95,778,2.18,53.87,1.27,Normal
Washing_Machine,46.12,2.19,1086,1.96,36.94,1.31,Normal
Washing_Machine,62.77,6.11,1804,4.13,46.5,2.87,Anomaly
Washing_Machine,33.94,1.53,834,1.34,48.57,1.4,Normal
Washing_Machine,30.57,1.12,1108,2.08,53.67,1.25,Normal
Washing_Machine,36.22,1.61,1133,2.25,66.71,1.25,Normal
Washing_Machine,64.17,6.81,1778,3.52,52.94,3.23,Anomaly
Washing_Machine,35.31,2.61,1081,2.41,64.43,1.4,Normal
Washing_Machine,38.62,2.01,878,2.07,66.04,1.51,Normal
Washing_Machine,38.46,2.56,875,1.5,35.23,1.58,Normal
Washing_Machine,37.99,2.38,878,2.23,33.03,1.73,Normal
Washing_Machine,62.58,2.75,2169,4.59,35.69,2.78,Anomaly
Washing_Machine,38.4,1.07,983,1.67,44.21,1.43,Normal
Washing_Machine,44.34,2.6,836,1.9,53.68,1.16,Normal
Washing_Machine,37.84,2.15,837,2.05,68.99,1.52,Normal
Washing_Machine,37.98,2.1,901,1.81,53.92,1.33,Normal
Washing_Machine,37.66,2.66,1037,2.17,34.2,0.88,Normal
Washing_Machine,30.61,1.73,818,2.38,40.88,1.2,Normal
Washing_Machine,40.38,1.37,1088,1.94,64.53,1.22,Normal
Washing_Machine,32.06,2.26,1016,2.34,54.76,1.75,Normal
Washing_Machine,35.1,2.64,763,2.0,50.62,1.09,Normal
Washing_Machine,39.81,1.8,975,2.21,35.98,1.15,Normal
Washing_Machine,36.89,1.19,1080,2.04,60.25,1.72,Normal
Washing_Machine,39.75,1.96,948,1.58,51.86,1.36,Normal
Washing_Machine,61.13,4.45,1937,4.14,36.43,3.33,Anomaly
Washing_Machine,35.92,2.29,983,2.33,37.58,1.35,Normal
Washing_Machine,51.48,5.55,1564,5.42,33.31,2.92,Anomaly
Washing_Machine,37.91,2.55,1039,1.95,41.07,1.22,Normal
Washing_Machine,36.7,1.38,1078,1.79,54.3,1.64,Normal
Washing_Machine,29.45,2.35,1268,2.26,50.91,1.74,Normal
Washing_Machine,39.41,1.95,844,2.07,62.08,1.53,Normal
Washing_Machine,26.58,2.96,968,2.36,44.93,1.41,Normal
Washing_Machine,36.24,1.92,876,1.98,63.68,1.53,Normal
Washing_Machine,37.51,1.72,1284,2.54,37.17,1.61,Normal
Washing_Machine,62.37,5.74,1576,3.4,49.64,3.02,Anomaly
Washing_Machine,40.97,1.13,758,2.13,53.6,1.31,Normal
Washing_Machine,37.61,1.87,1183,1.84,42.56,1.28,Normal
Washing_Machine,38.61,1.95,716,2.25,63.94,0.91,Normal
Washing_Machine,39.88,1.89,1004,1.98,43.57,1.28,Normal
Washing_Machine,36.12,1.63,1136,1.77,62.59,1.14,Normal
Washing_Machine,35.07,0.95,850,2.58,68.65,1.4,Normal
Washing_Machine,72.07,6.07,1417,4.48,63.81,2.63,Anomaly
Washing_Machine,38.81,1.52,798,1.94,57.03,1.4,Normal
Washing_Machine,33.44,1.83,893,2.53,46.59,1.48,Normal
Washing_Machine,35.4,1.81,967,1.66,38.33,1.39,Normal
Washing_Machine,25.55,1.81,906,1.56,42.36,1.32,Normal
Washing_Machine,37.9,1.92,1054,2.11,45.31,1.02,Normal
Washing_Machine,45.16,6.35,1411,5.09,47.27,3.28,Anomaly
Washing_Machine,31.69,2.46,995,2.3,57.6,1.56,Normal
Washing_Machine,35.01,1.83,1008,2.19,43.98,1.37,Normal
Washing_Machine,38.4,1.27,1139,2.11,46.98,0.9,Normal
Washing_Machine,42.64,1.63,1071,1.97,46.81,1.15,Normal
Washing_Machine,37.83,2.38,972,2.29,42.31,1.15,Normal
Washing_Machine,41.16,1.68,1052,1.98,68.95,1.3,Normal
Washing_Machine,43.77,1.31,908,1.91,53.53,1.13,Normal
Washing_Machine,36.23,2.0,820,2.08,45.46,1.29,Normal
Washing_Machine,43.18,1.11,875,2.24,63.73,1.34,Normal
Washing_Machine,38.53,1.73,802,1.81,66.77,1.19,Normal
Washing_Machine,36.53,1.95,919,2.21,61.68,0.93,Normal
Washing_Machine,36.26,2.66,1003,2.07,69.62,1.21,Normal
Washing_Machine,40.25,1.51,934,2.39,57.93,1.35,Normal
Washing_Machine,39.45,2.26,1011,2.13,42.17,1.45,Normal
Washing_Machine,37.12,2.32,649,1.87,44.92,1.17,Normal
Washing_Machine,41.53,1.57,1128,2.11,68.07,1.45,Normal
Washing_Machine,74.04,4.39,1534,4.73,36.48,2.77,Anomaly
Washing_Machine,37.84,1.47,1006,2.48,61.55,1.37,Normal
Washing_Machine,31.59,1.67,1074,2.15,57.12,1.11,Normal
Washing_Machine,36.53,0.81,728,2.48,54.27,0.61,Normal
Washing_Machine,67.4,6.06,1305,4.2,57.68,2.65,Anomaly
Washing_Machine,45.84,1.65,845,2.15,63.49,1.16,Normal
Washing_Machine,35.15,2.51,1077,2.21,32.93,1.12,Normal
Washing_Machine,64.41,4.26,1662,3.66,53.15,2.36,Anomaly
Washing_Machine,38.83,2.17,925,1.88,54.03,1.37,Normal
Washing_Machine,26.3,2.09,952,1.78,42.17,1.54,Normal
Washing_Machine,64.39,7.37,1451,4.3,54.0,2.97,Anomaly
Washing_Machine,45.41,1.5,831,2.2,65.43,1.27,Normal
Washing_Machine,39.85,2.44,979,1.92,55.43,1.43,Normal
Washing_Machine,34.76,1.95,985,2.08,60.86,1.42,Normal
Washing_Machine,34.3,2.21,975,2.29,52.87,1.02,Normal
Washing_Machine,34.13,1.7,977,2.34,54.26,1.34,Normal
Washing_Machine,35.03,2.52,637,1.98,53.25,1.4,Normal
Washing_Machine,37.36,1.22,1003,2.11,39.2,1.04,Normal
Washing_Machine,36.51,1.36,866,1.95,39.65,1.24,Normal
Washing_Machine,36.8,1.92,861,1.7,56.3,1.3,Normal
Washing_Machine,33.9,1.88,880,2.27,53.17,1.26,Normal
Washing_Machine,30.47,3.05,851,1.91,35.6,1.32,Normal
Washing_Machine,30.07,1.77,925,2.18,37.92,1.09,Normal
Washing_Machine,35.14,2.68,1017,2.31,56.64,1.7,Normal
Washing_Machine,38.15,1.8,814,1.69,52.37,0.81,Normal
Washing_Machine,36.92,2.01,1064,1.89,57.55,1.31,Normal
Washing_Machine,72.85,6.51,1565,3.19,55.87,3.03,Anomaly
Washing_Machine,32.98,2.32,952,2.38,57.48,1.26,Normal
Washing_Machine,35.14,1.99,926,2.06,56.49,0.96,Normal
Washing_Machine,27.41,1.63,881,2.25,69.11,0.91,Normal
Washing_Machine,36.39,2.5,875,2.76,65.6,1.44,Normal
Washing_Machine,31.52,2.32,946,1.48,62.27,1.29,Normal
Washing_Machine,37.96,2.13,934,2.14,42.21,0.96,Normal
Washing_Machine,35.53,1.67,836,2.42,40.56,1.78,Normal
Washing_Machine,34.93,2.21,828,1.81,59.6,1.31,Normal
Washing_Machine,30.11,0.98,1117,2.06,69.66,1.5,Normal
Washing_Machine,35.21,1.66,1015,2.11,40.22,1.23,Normal
Washing_Machine,37.41,2.13,1074,2.05,35.94,1.13,Normal
Washing_Machine,36.05,1.46,1150,2.43,39.32,1.46,Normal
Washing_Machine,81.07,6.39,1593,4.16,68.83,2.59,Anomaly
Washing_Machine,41.37,1.67,921,2.18,62.28,1.2,Normal
Washing_Machine,42.75,1.28,1104,2.12,55.11,1.3,Normal
Washing_Machine,33.19,1.66,958,2.58,52.02,1.49,Normal
Washing_Machine,44.07,1.79,938,1.54,47.03,1.51,Normal
Washing_Machine,63.39,5.24,1621,4.34,38.09,2.37,Anomaly
Washing_Machine,74.03,5.69,1493,2.94,68.27,2.85,Anomaly
Washing_Machine,33.27,2.85,939,2.48,46.14,1.21,Normal
Washing_Machine,49.75,5.75,1718,4.5,46.16,2.71,Anomaly
Washing_Machine,34.27,2.38,965,1.5,40.73,0.76,Normal
Washing_Machine,58.58,4.72,1691,4.55,56.91,3.3,Anomaly
Washing_Machine,33.91,1.08,969,2.46,52.4,1.35,Normal
Washing_Machine,38.4,2.19,892,2.61,67.32,1.46,Normal
Washing_Machine,42.14,0.93,756,2.5,66.2,1.32,Normal
Washing_Machine,35.95,2.14,915,1.64,30.87,0.94,Normal
Washing_Machine,37.47,2.18,1014,2.24,46.57,1.01,Normal
Washing_Machine,32.3,1.65,850,1.99,40.81,1.45,Normal
Washing_Machine,34.89,1.53,950,1.97,65.69,0.81,Normal
Washing_Machine,37.39,1.37,1167,2.08,40.81,1.39,Normal
Washing_Machine,37.25,1.55,944,2.4,58.18,1.76,Normal
Washing_Machine,35.67,2.53,997,2.22,38.15,1.19,Normal
Washing_Machine,35.63,1.8,990,1.97,35.33,0.97,Normal
Washing_Machine,31.0,1.81,1039,1.95,56.3,1.21,Normal
Washing_Machine,34.7,2.0,971,2.65,55.18,1.1,Normal
Washing_Machine,66.01,3.83,1667,3.52,62.17,2.69,Anomaly
Washing_Machine,31.37,1.66,1158,2.17,69.82,1.41,Normal
Washing_Machine,46.44,1.68,1043,2.34,67.84,1.43,Normal
Washing_Machine,31.83,2.57,1037,2.15,33.77,1.23,Normal
Washing_Machine,41.9,2.12,1081,2.22,68.11,1.29,Normal
Washing_Machine,35.72,2.37,766,2.02,56.29,1.44,Normal
Washing_Machine,31.66,1.78,1084,1.6,47.15,1.75,Normal
Washing_Machine,42.66,2.38,1068,2.05,53.38,1.21,Normal
Washing_Machine,33.89,1.28,837,2.24,42.07,1.25,Normal
Washing_Machine,34.01,1.97,901,2.0,34.82,1.45,Normal
Washing_Machine,35.67,2.9,974,1.94,50.46,1.47,Normal
Washing_Machine,36.95,1.81,993,2.14,42.36,1.46,Normal
Washing_Machine,40.31,1.66,816,2.12,58.12,1.27,Normal
Washing_Machine,39.26,2.03,787,2.11,52.51,1.33,Normal
Washing_Machine,31.98,1.96,943,2.2,48.97,0.98,Normal
Washing_Machine,58.16,4.57,1638,4.32,68.97,2.61,Anomaly
Washing_Machine,38.43,2.25,954,2.71,53.59,1.32,Normal
Washing_Machine,36.93,2.01,993,2.02,65.11,1.02,Normal
Washing_Machine,66.24,5.29,1735,4.09,53.0,3.45,Anomaly
Washing_Machine,32.64,1.86,1026,2.1,63.26,1.3,Normal
Washing_Machine,34.69,2.48,896,2.35,41.91,1.27,Normal
Washing_Machine,32.05,1.54,871,2.13,67.79,0.98,Normal
Washing_Machine,63.69,3.58,1824,3.47,51.99,2.95,Anomaly
Washing_Machine,30.83,1.67,897,2.23,37.09,1.36,Normal
Washing_Machine,53.77,4.08,1831,3.54,30.5,3.31,Anomaly
Washing_Machine,37.61,2.29,879,1.95,68.14,1.04,Normal
Washing_Machine,33.65,1.92,933,2.2,66.95,1.36,Normal
Washing_Machine,37.42,1.17,1039,2.4,64.63,1.6,Normal
Washing_Machine,34.63,2.26,969,2.15,34.38,1.39,Normal
Washing_Machine,31.46,1.87,1090,1.95,32.02,1.31,Normal
Washing_Machine,34.67,2.29,755,1.98,61.11,1.69,Normal
Washing_Machine,34.55,1.94,1220,2.42,48.33,1.31,Normal
Washing_Machine,32.72,2.04,1081,1.74,37.74,1.57,Normal
Washing_Machine,31.2,2.27,918,2.31,34.36,1.03,Normal
Washing_Machine,31.0,2.99,934,2.7,57.79,1.41,Normal
Washing_Machine,34.53,1.93,815,2.55,66.4,0.94,Normal
Washing_Machine,42.97,2.91,922,1.77,61.64,1.26,Normal
Washing_Machine,59.04,4.98,1648,3.57,44.9,3.3,Anomaly
Washing_Machine,35.04,2.14,888,2.56,32.22,1.47,Normal
Washing_Machine,33.79,0.79,1020,1.95,32.28,1.22,Normal
Washing_Machine,62.43,5.09,1831,3.58,63.07,2.43,Anomaly
Washing_Machine,35.83,2.4,1047,2.54,56.61,1.05,Normal
Washing_Machine,31.49,2.17,908,1.99,53.54,1.05,Normal
Washing_Machine,45.12,5.53,1903,3.95,36.2,2.94,Anomaly
Washing_Machine,34.99,1.91,1082,2.28,63.92,1.22,Normal
Washing_Machine,35.53,2.26,848,1.94,31.53,1.19,Normal
Washing_Machine,36.31,2.25,877,2.41,30.77,1.48,Normal
Washing_Machine,31.56,2.76,1054,2.15,62.29,1.53,Normal
Washing_Machine,32.77,2.1,819,2.44,62.3,1.15,Normal
Washing_Machine,34.92,2.37,926,2.39,47.9,1.24,Normal
Washing_Machine,34.72,1.73,1197,1.94,40.9,1.35,Normal
Washing_Machine,33.82,2.76,1009,2.14,52.99,1.12,Normal
Washing_Machine,64.31,4.13,1457,4.92,45.19,2.75,Anomaly
Washing_Machine,35.55,2.22,886,2.02,61.92,1.17,Normal
Washing_Machine,68.93,5.9,1503,4.61,68.09,3.13,Anomaly
Washing_Machine,31.12,2.28,1104,1.78,38.4,1.19,Normal
Washing_Machine,40.92,1.94,908,1.75,38.27,1.39,Normal
Washing_Machine,36.15,2.5,884,2.11,39.69,1.29,Normal
Washing_Machine,36.77,1.31,1079,2.14,61.17,1.68,Normal
Washing_Machine,47.72,1.48,948,2.12,44.02,1.15,Normal
Washing_Machine,37.05,1.3,993,2.45,45.21,1.36,Normal
Washing_Machine,37.62,1.93,856,1.22,33.07,1.53,Normal
Washing_Machine,38.71,1.95,1142,2.36,54.19,1.22,Normal
Washing_Machine,37.48,2.21,1145,1.65,60.75,1.25,Normal
Washing_Machine,36.8,1.28,894,2.47,64.73,1.04,Normal
Washing_Machine,36.08,2.29,948,2.16,36.55,1.24,Normal
Washing_Machine,33.52,2.41,957,1.76,45.69,1.43,Normal
Washing_Machine,36.67,1.87,818,2.04,30.39,1.07,Normal
Washing_Machine,34.57,2.02,836,2.49,60.76,1.37,Normal
Washing_Machine,46.49,1.62,1159,1.79,61.46,1.38,Normal
Washing_Machine,40.91,0.96,1052,1.89,59.28,1.37,Normal
Washing_Machine,43.26,1.68,1204,2.35,40.85,1.59,Normal
Washing_Machine,33.55,2.4,1008,2.19,34.18,1.38,Normal
Washing_Machine,37.99,1.44,862,1.74,45.54,1.1,Normal
Washing_Machine,32.21,2.72,828,1.85,56.35,0.97,Normal
Washing_Machine,29.08,2.05,847,2.18,53.56,1.26,Normal
Washing_Machine,37.86,1.78,1152,2.13,48.31,1.19,Normal
Washing_Machine,46.57,4.24,1667,4.33,68.19,2.64,Anomaly
Washing_Machine,36.41,2.18,695,2.06,58.21,1.26,Normal
Washing_Machine,40.76,1.01,1225,1.8,41.7,1.5,Normal
Washing_Machine,64.22,7.01,1421,3.62,65.02,2.66,Anomaly
Washing_Machine,69.03,5.39,1273,3.93,47.23,3.3,Anomaly
Washing_Machine,35.92,1.76,1035,1.98,55.22,1.19,Normal
Washing_Machine,37.01,2.22,1138,1.98,50.75,1.47,Normal
Washing_Machine,34.02,2.29,990,2.03,40.78,1.67,Normal
Washing_Machine,54.62,5.21,2110,3.81,34.05,2.08,Anomaly
Washing_Machine,39.36,1.99,1055,2.04,47.58,1.17,Normal
Washing_Machine,38.18,1.77,960,1.92,69.42,1.01,Normal
Washing_Machine,76.02,4.89,1827,3.26,36.31,2.13,Anomaly
Washing_Machine,64.17,4.28,1605,4.69,31.92,3.36,Anomaly
Washing_Machine,36.25,1.56,1072,1.99,58.04,1.25,Normal
Washing_Machine,42.12,2.17,910,2.46,64.35,1.07,Normal
Washing_Machine,33.29,2.5,702,1.95,41.72,1.4,Normal
Washing_Machine,29.89,2.0,868,2.07,39.46,1.26,Normal
Washing_Machine,33.01,1.36,1053,2.02,37.05,1.21,Normal
Washing_Machine,34.52,1.54,985,2.27,55.68,0.76,Normal
Washing_Machine,57.92,5.7,1848,5.35,43.93,3.26,Anomaly
Washing_Machine,66.78,4.7,1982,3.84,30.51,2.51,Anomaly
Washing_Machine,46.71,2.4,909,1.98,49.29,1.61,Normal
Washing_Machine,37.93,3.28,822,2.15,50.5,1.47,Normal
Washing_Machine,33.17,2.1,752,2.51,43.43,1.61,Normal
Washing_Machine,28.73,2.58,971,1.67,69.62,1.14,Normal
Washing_Machine,38.25,1.06,772,1.68,63.98,1.31,Normal
Washing_Machine,40.44,2.53,1076,2.32,35.5,1.45,Normal
Washing_Machine,40.38,1.2,937,1.66,44.97,0.92,Normal
Washing_Machine,35.02,1.77,882,1.88,32.68,0.83,Normal
Washing_Machine,35.33,2.44,899,2.2,36.57,1.53,Normal
Washing_Machine,35.54,1.77,844,2.28,38.1,1.08,Normal
Washing_Machine,29.58,1.23,1036,1.97,30.08,1.48,Normal
Washing_Machine,32.25,2.09,878,2.33,50.02,1.44,Normal
Washing_Machine,61.07,5.8,1720,4.1,65.17,3.06,Anomaly
Washing_Machine,65.71,5.88,1767,4.59,56.44,1.95,Anomaly
Washing_Machine,73.18,4.25,1788,3.84,46.24,2.96,Anomaly
Washing_Machine,46.35,2.2,858,2.24,56.95,1.19,Normal
Washing_Machine,73.13,4.71,1504,4.43,38.98,2.64,Anomaly
Washing_Machine,65.41,4.79,1878,4.57,64.75,3.48,Anomaly
Washing_Machine,35.05,1.17,1020,2.14,44.51,1.35,Normal
Washing_Machine,36.57,1.95,1002,2.29,57.93,1.29,Normal
Washing_Machine,37.74,2.51,715,1.73,53.08,1.03,Normal
Washing_Machine,42.12,1.17,879,2.23,67.32,1.48,Normal
Washing_Machine,28.72,2.07,744,1.93,60.84,1.23,Normal
Washing_Machine,34.5,2.38,1145,1.97,59.81,1.59,Normal
Washing_Machine,32.45,2.11,841,2.44,56.64,1.43,Normal
Washing_Machine,34.1,3.37,712,2.52,47.78,1.43,Normal
Washing_Machine,36.18,2.39,927,1.76,46.99,0.81,Normal
Washing_Machine,37.76,2.19,1042,2.53,60.66,1.6,Normal
Washing_Machine,36.13,1.64,688,2.74,67.9,1.34,Normal
Washing_Machine,41.61,1.72,882,1.91,36.91,1.29,Normal
Washing_Machine,38.03,2.22,910,2.0,53.06,1.21,Normal
Washing_Machine,47.21,6.1,1819,3.73,43.71,3.3,Anomaly
Washing_Machine,36.91,2.36,972,2.07,67.06,1.53,Normal
Washing_Machine,34.34,1.85,974,1.99,46.69,1.1,Normal
Washing_Machine,38.49,0.81,1215,2.05,56.51,1.16,Normal
Washing_Machine,55.21,7.22,1869,4.69,58.81,3.78,Anomaly
Washing_Machine,39.11,2.69,1492,1.63,49.53,0.89,Normal
Washing_Machine,40.21,2.33,791,1.68,42.86,1.26,Normal
Washing_Machine,37.28,1.6,983,1.41,35.48,1.6,Normal
Washing_Machine,38.7,1.87,958,2.16,53.93,1.31,Normal
Washing_Machine,32.02,1.52,851,2.2,57.48,1.25,Normal
Washing_Machine,34.64,1.87,819,2.08,53.41,1.27,Normal
Washing_Machine,31.93,2.19,976,1.59,61.85,1.29,Normal
Washing_Machine,57.68,6.26,1575,3.57,57.22,2.2,Anomaly
Washing_Machine,40.23,1.35,1052,2.41,42.87,1.43,Normal
Washing_Machine,26.22,1.58,792,2.25,45.23,1.42,Normal
Washing_Machine,38.03,2.34,1116,1.37,53.72,1.13,Normal
Washing_Machine,31.63,0.93,806,2.14,39.22,1.01,Normal
Washing_Machine,42.58,1.89,995,2.13,59.05,0.93,Normal
Washing_Machine,44.09,1.69,963,2.45,54.35,1.05,Normal
Washing_Machine,34.18,1.59,649,2.03,63.41,1.18,Normal
Washing_Machine,31.09,1.46,1103,1.93,58.36,1.47,Normal
Washing_Machine,39.32,1.55,1101,2.35,46.99,1.32,Normal
Washing_Machine,37.29,1.61,978,2.15,37.53,1.19,Normal
Washing_Machine,38.38,0.42,996,2.47,46.21,1.31,Normal
Washing_Machine,41.7,2.33,887,2.43,46.03,1.38,Normal
Washing_Machine,40.32,2.36,886,1.97,44.73,1.04,Normal
Washing_Machine,34.52,1.27,819,2.02,50.98,1.16,Normal
Washing_Machine,73.67,5.33,1762,4.86,38.67,1.96,Anomaly
Washing_Machine,37.24,2.03,931,2.28,37.84,1.74,Normal
Washing_Machine,46.62,5.72,1446,4.58,37.69,2.87,Anomaly
Washing_Machine,37.22,2.31,941,2.18,33.82,1.25,Normal
Washing_Machine,34.36,1.85,941,2.08,39.8,1.28,Normal
Washing_Machine,41.5,0.79,859,2.16,61.93,1.37,Normal
Washing_Machine,34.19,2.01,1004,2.36,47.9,1.36,Normal
Washing_Machine,41.24,2.73,843,2.57,53.79,1.26,Normal
Washing_Machine,32.79,1.25,943,2.55,45.1,1.34,Normal
Washing_Machine,35.79,1.79,786,2.24,51.96,1.1,Normal
Washing_Machine,61.03,3.74,1672,3.85,41.65,2.97,Anomaly
Washing_Machine,31.92,1.19,817,1.55,40.39,1.22,Normal
Washing_Machine,32.34,2.43,1136,2.28,55.08,1.26,Normal
Washing_Machine,36.09,2.04,938,2.7,67.68,1.63,Normal
Washing_Machine,31.43,0.73,914,1.84,32.47,1.62,Normal
Washing_Machine,35.3,2.25,871,1.94,69.39,1.28,Normal
Washing_Machine,30.43,1.68,1133,2.13,36.26,1.17,Normal
Washing_Machine,34.59,1.26,1020,2.06,62.0,0.9,Normal
Washing_Machine,30.09,2.16,691,2.11,45.96,1.26,Normal
Washing_Machine,35.77,1.81,941,1.86,61.35,1.23,Normal
Washing_Machine,59.12,8.38,1609,4.06,59.93,2.18,Anomaly
Washing_Machine,35.32,2.03,1018,2.29,54.49,1.05,Normal
Washing_Machine,63.19,4.24,1630,3.71,30.95,2.44,Anomaly
Washing_Machine,37.47,1.34,1249,2.13,48.83,1.25,Normal
Washing_Machine,39.12,2.55,1184,1.95,58.44,1.5,Normal
Washing_Machine,33.7,2.46,944,1.83,37.3,1.0,Normal
Washing_Machine,35.19,1.38,860,2.45,31.07,1.36,Normal
Washing_Machine,65.89,5.67,1767,4.52,64.9,2.86,Anomaly
Washing_Machine,37.15,1.33,1027,2.15,64.2,1.52,Normal
Washing_Machine,36.88,2.03,893,2.43,46.29,1.41,Normal
Washing_Machine,33.49,1.28,967,2.41,46.04,1.81,Normal
Washing_Machine,32.53,1.28,991,1.97,46.0,0.97,Normal
Washing_Machine,56.41,4.88,1527,4.18,50.94,3.22,Anomaly
Washing_Machine,36.4,1.34,1000,2.11,49.49,1.39,Normal
Washing_Machine,38.52,1.53,813,2.47,53.28,1.19,Normal
Washing_Machine,43.56,1.29,888,2.24,56.52,1.17,Normal
Washing_Machine,31.84,1.74,1023,2.07,54.48,1.16,Normal
Washing_Machine,39.19,2.66,981,2.01,40.62,1.25,Normal
Washing_Machine,37.08,2.05,867,2.17,48.28,1.21,Normal
Washing_Machine,35.92,2.41,914,2.26,34.64,1.33,Normal
Washing_Machine,38.24,1.37,936,2.16,67.46,1.34,Normal
Washing_Machine,40.83,2.14,1028,2.1,30.71,1.17,Normal
Washing_Machine,33.97,1.57,851,2.31,39.32,1.31,Normal
Washing_Machine,62.35,7.04,1357,4.33,36.87,2.48,Anomaly
Washing_Machine,64.88,6.3,1837,4.99,53.84,2.76,Anomaly
Washing_Machine,39.52,2.58,1341,1.99,57.02,1.14,Normal
Washing_Machine,35.89,1.82,746,2.62,48.69,1.28,Normal
Washing_Machine,39.31,1.72,929,2.68,33.6,1.58,Normal
Washing_Machine,63.62,7.21,1501,3.91,42.47,2.99,Anomaly
Washing_Machine,65.86,4.86,1660,4.89,68.79,3.13,Anomaly
Washing_Machine,32.12,2.03,878,2.6,34.48,1.04,Normal
Washing_Machine,42.14,1.95,838,1.82,37.07,1.14,Normal
Washing_Machine,38.94,2.22,1020,1.78,40.84,1.24,Normal
Washing_Machine,29.45,1.39,914,1.9,62.86,1.19,Normal
Washing_Machine,37.8,2.31,726,2.0,50.81,1.0,Normal
Washing_Machine,35.91,1.65,854,2.59,40.04,1.07,Normal
Washing_Machine,37.8,2.02,877,1.94,51.2,1.34,Normal
Washing_Machine,29.16,2.7,945,1.61,62.55,1.11,Normal
Washing_Machine,63.38,6.24,1847,3.69,62.8,2.74,Anomaly
Washing_Machine,41.67,1.44,976,2.34,54.56,0.94,Normal
Washing_Machine,44.22,1.47,1106,2.2,57.74,1.35,Normal
Washing_Machine,81.54,4.45,965,3.8,60.79,2.38,Anomaly
Washing_Machine,36.56,1.53,998,2.34,69.05,1.64,Normal
Washing_Machine,33.53,2.31,1083,2.31,59.93,1.42,Normal
Washing_Machine,52.24,6.53,1725,5.42,65.96,2.26,Anomaly
Washing_Machine,28.46,2.49,1029,2.16,42.36,1.31,Normal
Washing_Machine,30.91,1.39,938,2.63,44.05,1.35,Normal
Washing_Machine,41.25,2.2,755,1.78,50.1,1.21,Normal
Washing_Machine,61.16,7.38,1712,3.95,49.38,2.43,Anomaly
Washing_Machine,40.3,2.67,1179,2.89,57.3,1.07,Normal
Washing_Machine,37.35,1.8,869,1.84,67.39,1.25,Normal
Washing_Machine,53.49,6.91,1924,4.08,42.46,3.04,Anomaly
Washing_Machine,33.91,2.63,933,1.99,58.98,1.31,Normal
Washing_Machine,31.69,2.6,1032,2.09,53.4,1.12,Normal
Washing_Machine,53.19,5.05,1744,4.51,46.48,2.43,Anomaly
Washing_Machine,30.59,2.64,1056,2.17,62.79,1.26,Normal
Washing_Machine,40.17,2.45,1072,2.27,62.35,1.51,Normal
Washing_Machine,39.2,0.83,1090,1.83,54.31,1.14,Normal
Washing_Machine,33.81,1.73,1177,2.27,59.63,1.1,Normal
Washing_Machine,37.06,2.16,1032,2.16,36.49,1.26,Normal
Washing_Machine,61.56,6.5,1636,3.09,30.75,2.18,Anomaly
Washing_Machine,33.25,2.05,751,2.26,43.75,1.31,Normal
Washing_Machine,65.81,4.85,1597,4.47,44.34,2.54,Anomaly
Washing_Machine,36.4,0.98,1159,2.04,51.72,1.25,Normal
Washing_Machine,34.67,2.49,909,2.13,51.53,1.78,Normal
Washing_Machine,76.06,6.34,1338,4.06,62.17,2.88,Anomaly
Washing_Machine,34.78,2.12,814,2.63,64.99,1.2,Normal
Washing_Machine,30.33,1.65,968,2.66,56.48,1.24,Normal
Washing_Machine,33.98,1.68,932,1.9,35.45,1.51,Normal
Washing_Machine,38.79,2.07,947,2.03,67.77,1.58,Normal
Washing_Machine,33.66,2.43,1170,1.9,48.14,1.39,Normal
Washing_Machine,43.62,2.13,891,2.14,34.88,1.15,Normal
Washing_Machine,21.19,2.39,1053,2.26,59.63,1.05,Normal
Washing_Machine,37.27,1.87,1097,1.72,31.29,1.13,Normal
Washing_Machine,36.17,2.67,1162,2.16,58.05,1.2,Normal
Washing_Machine,30.53,2.15,833,2.47,69.44,1.03,Normal
Washing_Machine,38.7,1.46,910,1.95,54.86,1.42,Normal
Washing_Machine,33.4,1.58,806,1.89,39.55,1.52,Normal
Washing_Machine,39.85,1.44,864,2.2,59.31,1.71,Normal
Washing_Machine,60.13,6.07,1956,4.22,69.55,2.47,Anomaly
Washing_Machine,29.99,1.9,1036,1.72,54.02,1.16,Normal
Washing_Machine,35.17,1.49,1141,2.44,39.33,1.33,Normal
Washing_Machine,34.67,2.23,969,1.98,31.7,1.03,Normal
Washing_Machine,35.8,1.06,960,2.34,52.37,1.26,Normal
Washing_Machine,30.88,2.04,817,2.16,66.26,1.59,Normal
Washing_Machine,38.19,2.07,1095,1.8,39.02,1.09,Normal
Washing_Machine,33.53,1.52,953,2.22,52.91,1.11,Normal
Washing_Machine,34.34,1.51,888,1.81,56.47,0.86,Normal
Washing_Machine,32.03,0.97,992,1.95,32.83,1.14,Normal
Washing_Machine,37.42,1.8,931,2.22,36.92,1.46,Normal
Washing_Machine,36.24,1.2,888,1.87,62.16,1.26,Normal
